Rank,Population,Zip,Popularion Density,Population,Zip
1,46169,10028 ,"146,955.3/sq mi",46169,10028 
2,62447,10128 ,"132,677.4/sq mi",62447,10128 
3,24377,10075 ,"132,095.7/sq mi",24377,10075 
4,97373,10025 ,"129,548.9/sq mi",97373,10025 
5,60762,10023 ,"123,875.9/sq mi",60762,10023 
6,45278,10040 ,"120,133.3/sq mi",45278,10040 
7,38372,10026 ,"115,461.7/sq mi",38372,10026 
8,1252,10162 ,"110,137.5/sq mi",1252,10162 
9,42142,10021 ,"108,864.6/sq mi",42142,10021 
10,29530,10030 ,"105,863.1/sq mi",29530,10030 
11,7570,10005 ,"102,965.2/sq mi",7570,10005 
12,61806,10009 ,"100,237.0/sq mi",61806,10009 
13,60520,10033 ,"100,108.6/sq mi",60520,10033 
14,57068,10003 ,"98,998.8/sq mi",57068,10003 
15,77857,10029 ,"94,363.1/sq mi",77857,10029 
16,50112,10016 ,"94,164.6/sq mi",50112,10016 
17,79894,10002 ,"90,849.3/sq mi",79894,10002 
18,58912,10031 ,"90,523.6/sq mi",58912,10031 
19,91737,10456 ,"90,074.7/sq mi",91737,10456 
20,59069,10032 ,"89,842.8/sq mi",59069,10032 
21,4337,11109 ,"86,656.0/sq mi",4337,11109 
22,79002,10453 ,"85,787.3/sq mi",79002,10453 
23,63202,11372 ,"85,703.2/sq mi",63202,11372 
24,31761,10065 ,"82,215.9/sq mi",31761,10065 
25,52941,10011 ,"80,408.9/sq mi",52941,10011 
26,30708,10010 ,"78,604.4/sq mi",30708,10010 
27,24846,10012 ,"76,855.1/sq mi",24846,10012 
28,75252,10452 ,"76,427.7/sq mi",75252,10452 
29,98299,11226 ,"76,237.1/sq mi",98299,11226 
30,76276,10458 ,"75,597.1/sq mi",76276,10458 
31,63057,10027 ,"72,357.3/sq mi",63057,10027 
32,20997,10038 ,"70,556.6/sq mi",20997,10038 
33,59249,10024 ,"69,066.6/sq mi",59249,10024 
34,18041,10037 ,"68,340.7/sq mi",18041,10037 
35,26555,11104 ,"68,090.0/sq mi",26555,11104 
36,29699,10022 ,"68,058.9/sq mi",29699,10022 
37,5903,10282 ,"67,476.6/sq mi",5903,10282 
38,59613,11225 ,"67,444.4/sq mi",59613,11225 
39,71015,10457 ,"66,913.8/sq mi",71015,10457 
40,98719,11219 ,"66,609.4/sq mi",98719,11219 
41,72683,10468 ,"66,519.9/sq mi",72683,10468 
42,69659,10472 ,"66,309.0/sq mi",69659,10472 
43,100713,11373 ,"65,936.5/sq mi",100713,11373 
44,8817,10280 ,"63,671.9/sq mi",8817,10280 
45,83773,11221 ,"60,559.1/sq mi",83773,11221 
46,48269,10459 ,"59,083.4/sq mi",48269,10459 
47,54440,11216 ,"58,197.9/sq mi",54440,11216 
48,83180,11206 ,"57,987.2/sq mi",83180,11206 
49,62756,11213 ,"57,520.9/sq mi",62756,11213 
50,87751,11212 ,"57,057.9/sq mi",87751,11212 
51,38752,10019 ,"56,986.1/sq mi",38752,10019 
52,101715,11220 ,"56,785.4/sq mi",101715,11220 
53,39951,10455 ,"56,097.4/sq mi",39951,10455 
54,25952,10039 ,"56,042.6/sq mi",25952,10039 
55,31835,10014 ,"55,901.7/sq mi",31835,10014 
56,55258,11237 ,"55,400.8/sq mi",55258,11237 
57,24127,10036 ,"54,427.5/sq mi",24127,10036 
58,38257,11103 ,"53,801.6/sq mi",38257,11103 
59,5523,10069 ,"53,018.6/sq mi",5523,10069 
60,75132,11218 ,"52,602.7/sq mi",75132,11218 
61,69637,11233 ,"51,663.6/sq mi",69637,11233 
62,76114,10462 ,"51,271.5/sq mi",76114,10462 
63,38567,11217 ,"51,150.5/sq mi",38567,11217 
64,16278,10017 ,"50,847.0/sq mi",16278,10017 
65,80349,11204 ,"50,567.5/sq mi",80349,11204 
66,12050,10044 ,"49,860.2/sq mi",12050,10044 
67,26937,10013 ,"48,772.7/sq mi",26937,10013 
68,83799,11355 ,"48,298.2/sq mi",83799,11355 
69,87064,11230 ,"47,323.0/sq mi",87064,11230 
70,47818,10451 ,"47,063.6/sq mi",47818,10451 
71,51959,11238 ,"46,994.1/sq mi",51959,11238 
72,43320,11205 ,"45,618.8/sq mi",43320,11205 
73,71238,10463 ,"45,091.8/sq mi",71238,10463 
74,41792,11374 ,"44,728.9/sq mi",41792,11374 
75,58676,10460 ,"44,604.3/sq mi",58676,10460 
76,38633,11106 ,"44,344.0/sq mi",38633,11106 
77,35027,11102 ,"43,215.0/sq mi",35027,11102 
78,48370,11419 ,"42,831.5/sq mi",48370,11419 
79,99251,10467 ,"42,589.3/sq mi",99251,10467 
80,110385,11368 ,"41,367.1/sq mi",110385,11368 
81,6748,10007 ,"41,282.4/sq mi",6748,10007 
82,67042,11210 ,"40,852.4/sq mi",67042,11210 
83,88297,11214 ,"40,359.9/sq mi",88297,11214 
84,94681,11211 ,"39,908.0/sq mi",94681,11211 
85,1649,13024 ,"39,701.2/sq mi",1649,13024 
86,56488,11201 ,"39,596.1/sq mi",56488,11201 
87,25973,11416 ,"39,018.0/sq mi",25973,11416 
88,42672,10034 ,"37,885.9/sq mi",42672,10034 
89,39862,11369 ,"37,337.7/sq mi",39862,11369 
90,38751,10454 ,"37,176.2/sq mi",38751,10454 
91,76651,11223 ,"36,953.7/sq mi",76651,11223 
92,81351,11229 ,"36,715.2/sq mi",81351,11229 
93,22767,10001 ,"36,638.7/sq mi",22767,10001 
94,54523,11435 ,"35,998.7/sq mi",54523,11435 
95,77011,11203 ,"35,892.5/sq mi",77011,11203 
96,69652,11375 ,"35,171.0/sq mi",69652,11375 
97,93465,11207 ,"34,994.6/sq mi",93465,11207 
98,88939,11377 ,"34,924.5/sq mi",88939,11377 
99,69657,10466 ,"34,477.3/sq mi",69657,10466 
100,72582,11209 ,"33,569.8/sq mi",72582,11209 
101,19020,11415 ,"33,477.1/sq mi",19020,11415 
102,42745,11421 ,"33,185.4/sq mi",42745,11421 
103,2337,11549 ,"32,301.3/sq mi",2337,11549 
104,2950,10006 ,"32,132.0/sq mi",2950,10006 
105,70156,11215 ,"31,902.9/sq mi",70156,11215 
106,46059,11228 ,"31,333.9/sq mi",46059,11228 
107,75622,11235 ,"31,000.3/sq mi",75622,11235 
108,72241,10469 ,"29,168.0/sq mi",72241,10469 
109,62395,11432 ,"29,032.7/sq mi",62395,11432 
110,31556,11417 ,"28,199.3/sq mi",31556,11417 
111,100132,11385 ,"27,472.6/sq mi",100132,11385 
112,59948,10473 ,"27,434.5/sq mi",59948,10473 
113,42698,11224 ,"27,032.2/sq mi",42698,11224 
114,97714,11236 ,"26,919.9/sq mi",97714,11236 
115,92262,11208 ,"26,694.6/sq mi",92262,11208 
116,56433,11354 ,"25,657.8/sq mi",56433,11354 
117,36271,11370 ,"25,497.3/sq mi",36271,11370 
118,8062,10018 ,"25,054.8/sq mi",8062,10018 
119,34760,10035 ,"24,895.7/sq mi",34760,10035 
120,20461,11428 ,"24,574.3/sq mi",20461,11428 
121,44582,10475 ,"24,496.2/sq mi",44582,10475 
122,37927,11433 ,"24,438.2/sq mi",37927,11433 
123,50162,11420 ,"24,139.5/sq mi",50162,11420 
124,34605,11231 ,"23,800.0/sq mi",34605,11231 
125,18609,11436 ,"23,620.5/sq mi",18609,11436 
126,29452,11232 ,"22,943.8/sq mi",29452,11232 
127,37690,11412 ,"22,891.5/sq mi",37690,11412 
128,32053,11423 ,"22,718.1/sq mi",32053,11423 
129,36816,11105 ,"22,559.5/sq mi",36816,11105 
130,36751,11418 ,"22,504.5/sq mi",36751,11418 
131,12943,11239 ,"22,228.3/sq mi",12943,11239 
132,52435,10461 ,"21,850.8/sq mi",52435,10461 
133,62577,11691 ,"21,824.8/sq mi",62577,11691 
134,34580,11222 ,"21,534.9/sq mi",34580,11222 
135,27506,11429 ,"21,141.0/sq mi",27506,11429 
136,65255,11434 ,"19,743.0/sq mi",65255,11434 
137,37634,11358 ,"19,305.3/sq mi",37634,11358 
138,37421,10550 ,"18,716.3/sq mi",37421,10550 
139,11524,10601 ,"18,198.3/sq mi",11524,10601 
140,39817,10705 ,"17,807.3/sq mi",39817,10705 
141,2703,14627 ,"17,550.6/sq mi",2703,14627 
142,35725,11379 ,"17,220.9/sq mi",35725,11379 
143,43138,11365 ,"17,155.7/sq mi",43138,11365 
144,30352,11361 ,"17,077.7/sq mi",30352,11361 
145,17970,11692 ,"16,821.4/sq mi",17970,11692 
146,19177,11411 ,"16,406.0/sq mi",19177,11411 
147,41582,11367 ,"16,209.8/sq mi",41582,11367 
148,32589,11422 ,"15,915.9/sq mi",32589,11422 
149,21507,11694 ,"15,742.2/sq mi",21507,11694 
150,23800,11356 ,"15,145.9/sq mi",23800,11356 
151,18043,10302 ,"15,106.6/sq mi",18043,10302 
152,29805,10308 ,"15,069.7/sq mi",29805,10308 
153,23460,11427 ,"14,883.0/sq mi",23460,11427 
154,14045,11004 ,"14,782.4/sq mi",14045,11004 
155,10032,10553 ,"14,510.9/sq mi",10032,10553 
156,40588,11357 ,"14,486.2/sq mi",40588,11357 
157,19348,11426 ,"14,342.2/sq mi",19348,11426 
158,34902,11364 ,"14,153.3/sq mi",34902,11364 
159,59628,10701 ,"14,115.9/sq mi",59628,10701 
160,19916,11360 ,"13,974.8/sq mi",19916,11360 
161,24719,10310 ,"13,767.7/sq mi",24719,10310 
162,46360,10465 ,"13,517.1/sq mi",46360,10465 
163,57224,11550 ,"13,416.8/sq mi",57224,11550 
164,41689,11413 ,"13,307.1/sq mi",41689,11413 
165,20339,10552 ,"12,240.3/sq mi",20339,10552 
166,27156,11001 ,"12,105.7/sq mi",27156,11001 
167,28742,11414 ,"12,045.1/sq mi",28742,11414 
168,41265,10801 ,"12,022.9/sq mi",41265,10801 
169,3317,11794 ,"12,011.8/sq mi",3317,11794 
170,13146,11366 ,"12,009.8/sq mi",13146,11366 
171,20894,10703 ,"11,859.2/sq mi",20894,10703 
172,12872,14201 ,"11,823.2/sq mi",12872,14201 
173,30854,11378 ,"11,820.8/sq mi",30854,11378 
174,2123,11005 ,"11,635.1/sq mi",2123,11005 
175,172,10503 ,"11,571.8/sq mi",172,10503 
176,2883,14853 ,"11,511.2/sq mi",2883,14853 
177,17293,10606 ,"11,447.6/sq mi",17293,10606 
178,95610,11234 ,"11,415.9/sq mi",95610,11234 
179,11338,11693 ,"11,370.4/sq mi",11338,11693 
180,14519,14222 ,"11,305.5/sq mi",14519,14222 
181,31198,10704 ,"11,108.0/sq mi",31198,10704 
182,5966,12222 ,"10,890.2/sq mi",5966,12222 
183,18898,10805 ,"10,819.6/sq mi",18898,10805 
184,41864,10304 ,"10,783.5/sq mi",41864,10304 
185,39367,10301 ,"10,740.7/sq mi",39367,10301 
186,44907,11003 ,"10,732.7/sq mi",44907,11003 
187,41525,11580 ,"10,586.9/sq mi",41525,11580 
188,25054,11010 ,"10,548.5/sq mi",25054,11010 
189,14880,10470 ,"10,433.3/sq mi",14880,10470 
190,15237,14619 ,"10,426.8/sq mi",15237,14619 
191,9147,12210 ,"10,138.9/sq mi",9147,12210 
192,23468,14213 ,"9,880.3/sq mi",23468,14213 
193,41471,10305 ,"9,698.0/sq mi",41471,10305 
194,6951,12307 ,"9,694.6/sq mi",6951,12307 
195,16437,13203 ,"9,670.3/sq mi",16437,13203 
196,16159,14607 ,"9,598.3/sq mi",16159,14607 
197,22984,11563 ,"9,589.2/sq mi",22984,11563 
198,8597,14209 ,"9,406.9/sq mi",8597,14209 
199,19155,11501 ,"9,347.4/sq mi",19155,11501 
200,16674,11575 ,"9,310.6/sq mi",16674,11575 
201,25317,11101 ,"9,268.2/sq mi",25317,11101 
202,37599,11561 ,"8,807.1/sq mi",37599,11561 
203,7625,11363 ,"8,778.8/sq mi",7625,11363 
204,6172,13902 ,"8,667.7/sq mi",6172,13902 
205,7513,11516 ,"8,601.3/sq mi",7513,11516 
206,40799,11040 ,"8,479.3/sq mi",40799,11040 
207,21935,10471 ,"8,459.8/sq mi",21935,10471 
208,34576,14621 ,"8,169.2/sq mi",34576,14621 
209,10525,10707 ,"8,104.3/sq mi",10525,10707 
210,39786,14215 ,"8,086.2/sq mi",39786,14215 
211,10638,11596 ,"7,987.6/sq mi",10638,11596 
212,12223,10474 ,"7,972.4/sq mi",12223,10474 
213,43632,11520 ,"7,913.0/sq mi",43632,11520 
214,10918,14208 ,"7,910.3/sq mi",10918,14208 
215,8820,11565 ,"7,901.1/sq mi",8820,11565 
216,22203,14216 ,"7,872.4/sq mi",22203,14216 
217,61105,10312 ,"7,812.7/sq mi",61105,10312 
218,12965,14301 ,"7,754.2/sq mi",12965,14301 
219,21102,11726 ,"7,735.1/sq mi",21102,11726 
220,24348,10303 ,"7,691.5/sq mi",24348,10303 
221,42321,11756 ,"7,632.3/sq mi",42321,11756 
222,15006,10307 ,"7,621.6/sq mi",15006,10307 
223,26506,11553 ,"7,552.5/sq mi",26506,11553 
224,13737,14605 ,"7,504.4/sq mi",13737,14605 
225,27896,11570 ,"7,413.3/sq mi",27896,11570 
226,15757,12206 ,"7,398.2/sq mi",15757,12206 
227,23053,11762 ,"7,348.7/sq mi",23053,11762 
228,17478,11021 ,"7,337.1/sq mi",17478,11021 
229,22497,10708 ,"7,305.4/sq mi",22497,10708 
230,54888,10306 ,"7,287.3/sq mi",54888,10306 
231,20956,11581 ,"7,209.6/sq mi",20956,11581 
232,22911,14217 ,"7,133.4/sq mi",22911,14217 
233,17897,11362 ,"6,994.5/sq mi",17897,11362 
234,33430,11510 ,"6,954.6/sq mi",33430,11510 
235,38656,10573 ,"6,929.1/sq mi",38656,10573 
236,19743,14214 ,"6,910.6/sq mi",19743,14214 
237,45972,11590 ,"6,861.3/sq mi",45972,11590 
238,10065,11518 ,"6,762.0/sq mi",10065,11518 
239,12377,14608 ,"6,755.8/sq mi",12377,14608 
240,660,12604 ,"6,695.1/sq mi",660,12604 
241,7224,11507 ,"6,690.4/sq mi",7224,11507 
242,22901,14223 ,"6,672.1/sq mi",22901,14223 
243,15187,12308 ,"6,568.3/sq mi",15187,12308 
244,12212,14613 ,"6,556.5/sq mi",12212,14613 
245,9347,10709 ,"6,448.4/sq mi",9347,10709 
246,35151,11710 ,"6,363.1/sq mi",35151,11710 
247,24525,14220 ,"6,349.8/sq mi",24525,14220 
248,44923,11757 ,"6,320.4/sq mi",44923,11757 
249,22949,11552 ,"6,234.4/sq mi",22949,11552 
250,12927,11598 ,"6,108.1/sq mi",12927,11598 
251,27905,13210 ,"6,107.4/sq mi",27905,13210 
252,87524,10314 ,"6,095.5/sq mi",87524,10314 
253,17773,14611 ,"6,093.9/sq mi",17773,14611 
254,39805,11801 ,"5,985.9/sq mi",39805,11801 
255,37513,11554 ,"5,980.9/sq mi",37513,11554 
256,23285,14207 ,"5,935.6/sq mi",23285,14207 
257,21170,11783 ,"5,916.8/sq mi",21170,11783 
258,12060,10927 ,"5,883.7/sq mi",12060,10927 
259,5197,11514 ,"5,793.9/sq mi",5197,11514 
260,5745,13202 ,"5,759.3/sq mi",5745,13202 
261,10974,14212 ,"5,754.4/sq mi",10974,14212 
262,12523,10803 ,"5,701.4/sq mi",12523,10803 
263,27388,10710 ,"5,657.8/sq mi",27388,10710 
264,25689,14620 ,"5,616.7/sq mi",25689,14620 
265,92,10119 ,"5,591.7/sq mi",92,10119 
266,9955,11023 ,"5,584.0/sq mi",9955,11023 
267,11844,12209 ,"5,524.4/sq mi",11844,12209 
268,28901,11572 ,"5,513.4/sq mi",28901,11572 
269,44103,14609 ,"5,465.6/sq mi",44103,14609 
270,60650,10977 ,"5,456.0/sq mi",60650,10977 
271,18788,13205 ,"5,446.4/sq mi",18788,13205 
272,17924,10603 ,"5,443.8/sq mi",17924,10603 
273,59449,11717 ,"5,441.6/sq mi",59449,11717 
274,3024,10004 ,"5,402.4/sq mi",3024,10004 
275,23313,11714 ,"5,391.3/sq mi",23313,11714 
276,22490,13208 ,"5,388.1/sq mi",22490,13208 
277,33791,11566 ,"5,274.4/sq mi",33791,11566 
278,23875,10566 ,"5,183.9/sq mi",23875,10566 
279,27423,11701 ,"5,169.8/sq mi",27423,11701 
280,20885,14211 ,"5,160.2/sq mi",20885,14211 
281,16249,11703 ,"5,138.1/sq mi",16249,11703 
282,37181,11722 ,"5,099.1/sq mi",37181,11722 
283,21417,12208 ,"5,097.2/sq mi",21417,12208 
284,8905,14204 ,"4,957.9/sq mi",8905,14204 
285,33382,10309 ,"4,937.6/sq mi",33382,10309 
286,40685,11704 ,"4,922.9/sq mi",40685,11704 
287,28638,14616 ,"4,819.2/sq mi",28638,14616 
288,55900,11758 ,"4,811.8/sq mi",55900,11758 
289,26312,11784 ,"4,810.7/sq mi",26312,11784 
290,5336,11579 ,"4,753.2/sq mi",5336,11579 
291,20250,10543 ,"4,743.9/sq mi",20250,10543 
292,5680,14261 ,"4,739.6/sq mi",5680,14261 
293,28445,11803 ,"4,689.5/sq mi",28445,11803 
294,7884,11096 ,"4,650.6/sq mi",7884,11096 
295,16803,10538 ,"4,609.4/sq mi",16803,10538 
296,41619,10952 ,"4,547.5/sq mi",41619,10952 
297,11001,10522 ,"4,527.3/sq mi",11001,10522 
298,19984,13204 ,"4,495.6/sq mi",19984,13204 
299,21670,14206 ,"4,465.4/sq mi",21670,14206 
300,27409,11729 ,"4,372.0/sq mi",27409,11729 
301,38464,13501 ,"4,367.1/sq mi",38464,13501 
302,8705,10923 ,"4,347.6/sq mi",8705,10923 
303,1651,14604 ,"4,307.9/sq mi",1651,14604 
304,5069,10993 ,"4,282.6/sq mi",5069,10993 
305,8646,11558 ,"4,280.6/sq mi",8646,11558 
306,13352,13207 ,"4,256.3/sq mi",13352,13207 
307,12788,11577 ,"4,197.6/sq mi",12788,11577 
308,25536,11795 ,"4,172.4/sq mi",25536,11795 
309,13787,14210 ,"4,139.5/sq mi",13787,14210 
310,28593,14226 ,"4,134.2/sq mi",28593,14226 
311,7892,14445 ,"4,129.4/sq mi",7892,14445 
312,4260,14802 ,"4,095.2/sq mi",4260,14802 
313,1136,14614 ,"4,068.6/sq mi",1136,14614 
314,15997,13206 ,"4,051.4/sq mi",15997,13206 
315,27691,11542 ,"4,010.3/sq mi",27691,11542 
316,9066,12202 ,"3,991.9/sq mi",9066,12202 
317,16969,11950 ,"3,976.9/sq mi",16969,11950 
318,28155,11530 ,"3,951.2/sq mi",28155,11530 
319,2301,10968 ,"3,931.0/sq mi",2301,10968 
320,28651,11741 ,"3,828.5/sq mi",28651,11741 
321,12329,11755 ,"3,804.0/sq mi",12329,11755 
322,15637,10960 ,"3,728.2/sq mi",15637,10960 
323,25675,11776 ,"3,721.5/sq mi",25675,11776 
324,15259,11767 ,"3,650.5/sq mi",15259,11767 
325,65865,11706 ,"3,605.9/sq mi",65865,11706 
326,29374,11720 ,"3,603.4/sq mi",29374,11720 
327,14574,12801 ,"3,565.9/sq mi",14574,12801 
328,17671,10605 ,"3,471.6/sq mi",17671,10605 
329,28969,11731 ,"3,457.7/sq mi",28969,11731 
330,23678,10954 ,"3,438.9/sq mi",23678,10954 
331,7364,11557 ,"3,402.0/sq mi",7364,11557 
332,32710,11793 ,"3,348.6/sq mi",32710,11793 
333,1388,14778 ,"3,340.6/sq mi",1388,14778 
334,6724,11709 ,"3,335.1/sq mi",6724,11709 
335,14850,10804 ,"3,332.3/sq mi",14850,10804 
336,12720,10528 ,"3,322.9/sq mi",12720,10528 
337,17643,11738 ,"3,308.3/sq mi",17643,11738 
338,29987,11727 ,"3,295.5/sq mi",29987,11727 
339,22537,12304 ,"3,293.3/sq mi",22537,12304 
340,1284,11569 ,"3,289.8/sq mi",1284,11569 
341,12431,10530 ,"3,240.5/sq mi",12431,10530 
342,3117,11718 ,"3,220.7/sq mi",3117,11718 
343,15362,11798 ,"3,220.2/sq mi",15362,11798 
344,39510,10583 ,"3,186.2/sq mi",39510,10583 
345,14679,11751 ,"3,177.1/sq mi",14679,11751 
346,3778,12929 ,"3,172.9/sq mi",3778,12929 
347,13679,14610 ,"3,116.3/sq mi",13679,14610 
348,4923,12305 ,"3,109.7/sq mi",4923,12305 
349,32499,11735 ,"3,102.3/sq mi",32499,11735 
350,15318,13219 ,"3,076.8/sq mi",15318,13219 
351,6120,11020 ,"3,039.9/sq mi",6120,11020 
352,8734,10706 ,"3,018.2/sq mi",8734,10706 
353,6727,10607 ,"3,012.9/sq mi",6727,10607 
354,38733,11779 ,"3,005.7/sq mi",38733,11779 
355,11657,11753 ,"2,995.0/sq mi",11657,11753 
356,29076,14606 ,"2,970.5/sq mi",29076,14606 
357,8767,13224 ,"2,942.7/sq mi",8767,13224 
358,28646,11725 ,"2,935.9/sq mi",28646,11725 
359,3570,14202 ,"2,935.1/sq mi",3570,14202 
360,7659,11789 ,"2,920.8/sq mi",7659,11789 
361,507,12085 ,"2,887.7/sq mi",507,12085 
362,68580,11746 ,"2,871.5/sq mi",68580,11746 
363,22776,14617 ,"2,812.3/sq mi",22776,14617 
364,111,14168 ,"2,800.7/sq mi",111,14168 
365,5727,10983 ,"2,800.4/sq mi",5727,10983 
366,33228,14225 ,"2,799.8/sq mi",33228,14225 
367,2612,12183 ,"2,797.8/sq mi",2612,12183 
368,41908,14150 ,"2,792.2/sq mi",41908,14150 
369,24267,14043 ,"2,792.1/sq mi",24267,14043 
370,22012,13088 ,"2,762.1/sq mi",22012,13088 
371,4012,11796 ,"2,740.0/sq mi",4012,11796 
372,14878,10965 ,"2,732.8/sq mi",14878,10965 
373,45262,11772 ,"2,720.1/sq mi",45262,11772 
374,41,13475 ,"2,713.3/sq mi",41,13475 
375,17675,12189 ,"2,697.0/sq mi",17675,12189 
376,30926,12203 ,"2,696.1/sq mi",30926,12203 
377,15045,11782 ,"2,682.1/sq mi",15045,11782 
378,15579,14615 ,"2,670.6/sq mi",15579,14615 
379,22950,14227 ,"2,651.8/sq mi",22950,14227 
380,3492,13116 ,"2,643.7/sq mi",3492,13116 
381,13229,11742 ,"2,643.6/sq mi",13229,11742 
382,2304,13495 ,"2,640.0/sq mi",2304,13495 
383,4906,10532 ,"2,628.3/sq mi",4906,10532 
384,15411,14904 ,"2,587.9/sq mi",15411,14904 
385,255,13410 ,"2,579.6/sq mi",255,13410 
386,30583,11050 ,"2,566.1/sq mi",30583,11050 
387,9507,11740 ,"2,564.3/sq mi",9507,11740 
388,4335,11715 ,"2,555.1/sq mi",4335,11715 
389,12325,11576 ,"2,551.4/sq mi",12325,11576 
390,17295,11030 ,"2,545.6/sq mi",17295,11030 
391,5396,10502 ,"2,545.1/sq mi",5396,10502 
392,2328,11548 ,"2,544.8/sq mi",2328,11548 
393,18627,11790 ,"2,535.4/sq mi",18627,11790 
394,9351,11752 ,"2,502.5/sq mi",9351,11752 
395,6073,14303 ,"2,472.2/sq mi",6073,14303 
396,603,14720 ,"2,460.1/sq mi",603,14720 
397,8938,13214 ,"2,439.9/sq mi",8938,13214 
398,3671,11732 ,"2,403.1/sq mi",3671,11732 
399,1629,10596 ,"2,396.1/sq mi",1629,10596 
400,8563,10523 ,"2,371.3/sq mi",8563,10523 
401,54109,14221 ,"2,350.6/sq mi",54109,14221 
402,36357,11787 ,"2,316.3/sq mi",36357,11787 
403,756,10517 ,"2,303.0/sq mi",756,10517 
404,19201,11754 ,"2,294.5/sq mi",19201,11754 
405,23037,10591 ,"2,276.3/sq mi",23037,10591 
406,2925,13417 ,"2,242.9/sq mi",2925,13417 
407,42608,12601 ,"2,233.8/sq mi",42608,12601 
408,27115,11967 ,"2,221.6/sq mi",27115,11967 
409,762,12417 ,"2,214.3/sq mi",762,12417 
410,18943,14218 ,"2,210.1/sq mi",18943,14218 
411,21367,14618 ,"2,197.8/sq mi",21367,14618 
412,31453,10562 ,"2,194.4/sq mi",31453,10562 
413,29735,14626 ,"2,175.2/sq mi",29735,14626 
414,9414,14905 ,"2,165.1/sq mi",9414,14905 
415,12042,14622 ,"2,162.2/sq mi",12042,14622 
416,85,14112 ,"2,127.8/sq mi",85,14112 
417,29217,11763 ,"2,109.9/sq mi",29217,11763 
418,2180,12466 ,"2,100.4/sq mi",2180,12466 
419,6892,10996 ,"2,097.7/sq mi",6892,10996 
420,17249,14305 ,"2,090.0/sq mi",17249,14305 
421,7571,11705 ,"2,088.2/sq mi",7571,11705 
422,7484,10533 ,"2,074.2/sq mi",7484,10533 
423,5201,10594 ,"2,073.2/sq mi",5201,10594 
424,7131,14068 ,"2,061.2/sq mi",7131,14068 
425,30295,13090 ,"1,994.5/sq mi",30295,13090 
426,72,13643 ,"1,988.2/sq mi",72,13643 
427,2232,11509 ,"1,979.0/sq mi",2232,11509 
428,40002,14224 ,"1,968.9/sq mi",40002,14224 
429,2266,10976 ,"1,965.7/sq mi",2266,10976 
430,20086,12047 ,"1,957.8/sq mi",20086,12047 
431,10727,13603 ,"1,954.8/sq mi",10727,13603 
432,17322,10580 ,"1,947.3/sq mi",17322,10580 
433,29906,12303 ,"1,941.0/sq mi",29906,12303 
434,3117,10984 ,"1,937.3/sq mi",3117,10984 
435,20348,13212 ,"1,920.8/sq mi",20348,13212 
436,12592,10570 ,"1,909.8/sq mi",12592,10570 
437,25213,11791 ,"1,902.4/sq mi",25213,11791 
438,7789,11024 ,"1,888.8/sq mi",7789,11024 
439,16167,11788 ,"1,884.3/sq mi",16167,11788 
440,31090,10956 ,"1,880.3/sq mi",31090,10956 
441,1086,12903 ,"1,871.1/sq mi",1086,12903 
442,9530,11713 ,"1,853.9/sq mi",9530,11713 
443,4078,11697 ,"1,836.9/sq mi",4078,11697 
444,10113,10989 ,"1,811.7/sq mi",10113,10989 
445,8716,11769 ,"1,804.9/sq mi",8716,11769 
446,25,14302 ,"1,799.0/sq mi",25,14302 
447,6719,14514 ,"1,787.5/sq mi",6719,14514 
448,34668,14612 ,"1,749.2/sq mi",34668,14612 
449,797,11547 ,"1,747.9/sq mi",797,11547 
450,5000,11804 ,"1,732.1/sq mi",5000,11804 
451,27395,12205 ,"1,724.2/sq mi",27395,12205 
452,29992,12309 ,"1,717.4/sq mi",29992,12309 
453,1025,12130 ,"1,716.9/sq mi",1025,12130 
454,813,14109 ,"1,716.7/sq mi",813,14109 
455,13401,11951 ,"1,712.5/sq mi",13401,11951 
456,8682,10920 ,"1,685.8/sq mi",8682,10920 
457,8645,11797 ,"1,676.7/sq mi",8645,11797 
458,12718,11766 ,"1,671.8/sq mi",12718,11766 
459,1952,10537 ,"1,665.6/sq mi",1952,10537 
460,7277,12204 ,"1,653.9/sq mi",7277,12204 
461,6482,11721 ,"1,645.5/sq mi",6482,11721 
462,8402,11559 ,"1,639.8/sq mi",8402,11559 
463,303,13062 ,"1,621.0/sq mi",303,13062 
464,575,13103 ,"1,612.8/sq mi",575,13103 
465,293,13352 ,"1,589.0/sq mi",293,13352 
466,7929,11934 ,"1,564.1/sq mi",7929,11934 
467,12747,11778 ,"1,558.7/sq mi",12747,11778 
468,1421,11739 ,"1,548.6/sq mi",1421,11739 
469,2349,10511 ,"1,542.3/sq mi",2349,10511 
470,14512,11702 ,"1,530.7/sq mi",14512,11702 
471,54903,12550 ,"1,530.3/sq mi",54903,12550 
472,3346,11749 ,"1,528.9/sq mi",3346,11749 
473,1739,14504 ,"1,528.4/sq mi",1739,14504 
474,14204,11730 ,"1,519.0/sq mi",14204,11730 
475,19793,11747 ,"1,503.8/sq mi",19793,11747 
476,43533,11743 ,"1,496.8/sq mi",43533,11743 
477,10912,14219 ,"1,482.0/sq mi",10912,14219 
478,9448,11777 ,"1,461.2/sq mi",9448,11777 
479,6819,13211 ,"1,447.8/sq mi",6819,13211 
480,21837,12110 ,"1,442.8/sq mi",21837,12110 
481,11503,12211 ,"1,431.5/sq mi",11503,12211 
482,1175,13321 ,"1,426.4/sq mi",1175,13321 
483,11397,10604 ,"1,413.1/sq mi",11397,10604 
484,69,14585 ,"1,393.4/sq mi",69,14585 
485,201,10979 ,"1,379.3/sq mi",201,10979 
486,21887,14228 ,"1,356.3/sq mi",21887,14228 
487,19742,12508 ,"1,349.1/sq mi",19742,12508 
488,44800,14120 ,"1,347.1/sq mi",44800,14120 
489,26003,14623 ,"1,336.4/sq mi",26003,14623 
490,5657,10913 ,"1,335.8/sq mi",5657,10913 
491,43411,12603 ,"1,333.3/sq mi",43411,12603 
492,3072,13461 ,"1,325.0/sq mi",3072,13461 
493,6913,10547 ,"1,313.1/sq mi",6913,10547 
494,1164,13319 ,"1,313.1/sq mi",1164,13319 
495,3214,10548 ,"1,307.9/sq mi",3214,10548 
496,430,14722 ,"1,297.6/sq mi",430,14722 
497,48838,10950 ,"1,289.6/sq mi",48838,10950 
498,28605,14304 ,"1,289.3/sq mi",28605,14304 
499,41414,14450 ,"1,289.0/sq mi",41414,14450 
500,23195,10901 ,"1,282.7/sq mi",23195,10901 
501,35918,14624 ,"1,278.2/sq mi",35918,14624 
502,9990,14625 ,"1,276.2/sq mi",9990,14625 
503,11134,11716 ,"1,268.4/sq mi",11134,11716 
504,8093,12803 ,"1,262.9/sq mi",8093,12803 
505,4532,10464 ,"1,261.2/sq mi",4532,10464 
506,12969,11764 ,"1,252.6/sq mi",12969,11764 
507,444,14441 ,"1,245.8/sq mi",444,14441 
508,8577,10595 ,"1,245.5/sq mi",8577,10595 
509,2518,10588 ,"1,244.8/sq mi",2518,10588 
510,1506,12207 ,"1,238.1/sq mi",1506,12207 
511,690,12456 ,"1,230.8/sq mi",690,12456 
512,20609,14526 ,"1,229.0/sq mi",20609,14526 
513,12688,11953 ,"1,227.9/sq mi",12688,11953 
514,20133,14051 ,"1,227.2/sq mi",20133,14051 
515,672,12471 ,"1,209.3/sq mi",672,12471 
516,785,10505 ,"1,203.3/sq mi",785,10505 
517,164,14756 ,"1,196.1/sq mi",164,14756 
518,4281,12084 ,"1,180.9/sq mi",4281,12084 
519,42249,12065 ,"1,177.2/sq mi",42249,12065 
520,718,13157 ,"1,170.5/sq mi",718,13157 
521,245,14788 ,"1,164.3/sq mi",245,14788 
522,168,10915 ,"1,163.8/sq mi",168,10915 
523,50946,14580 ,"1,140.3/sq mi",50946,14580 
524,200,14774 ,"1,122.8/sq mi",200,14774 
525,187,14592 ,"1,121.2/sq mi",187,14592 
526,573,10535 ,"1,120.8/sq mi",573,10535 
527,17139,12054 ,"1,107.4/sq mi",17139,12054 
528,9376,10589 ,"1,102.3/sq mi",9376,10589 
529,12653,11545 ,"1,101.4/sq mi",12653,11545 
530,259,14588 ,"1,075.6/sq mi",259,14588 
531,42837,14075 ,"1,073.9/sq mi",42837,14075 
532,135,10545 ,"1,072.0/sq mi",135,10545 
533,6931,10994 ,"1,068.2/sq mi",6931,10994 
534,225,14539 ,"1,063.0/sq mi",225,14539 
535,95,14827 ,"1,055.7/sq mi",95,14827 
536,240,13677 ,"1,055.1/sq mi",240,13677 
537,14937,12182 ,"1,043.4/sq mi",14937,12182 
538,217,13435 ,"1,041.8/sq mi",217,13435 
539,320,14169 ,"1,038.1/sq mi",320,14169 
540,20244,12144 ,"1,037.4/sq mi",20244,12144 
541,10391,10510 ,"1,034.9/sq mi",10391,10510 
542,17065,11733 ,"1,028.8/sq mi",17065,11733 
543,1149,10546 ,"1,018.6/sq mi",1149,10546 
544,13047,13209 ,"1,016.7/sq mi",13047,13209 
545,11452,14586 ,"1,010.0/sq mi",11452,14586 
546,29699,10598 ,"1,009.7/sq mi",29699,10598 
547,27543,13905 ,"1,009.5/sq mi",27543,13905 
548,35148,12590 ,"1,004.4/sq mi",35148,12590 
549,12915,10514 ,997.3/sq mi,12915,10514 
550,32399,14534 ,993.6/sq mi,32399,14534 
551,26355,10541 ,993.1/sq mi,26355,10541 
552,25395,12553 ,992.7/sq mi,25395,12553 
553,7167,14085 ,979.9/sq mi,7167,14085 
554,15099,11780 ,976.0/sq mi,15099,11780 
555,15984,12524 ,973.9/sq mi,15984,12524 
556,1450,12565 ,969.7/sq mi,1450,12565 
557,215,14742 ,957.4/sq mi,215,14742 
558,7039,10507 ,956.8/sq mi,7039,10507 
559,53218,12180 ,951.2/sq mi,53218,12180 
560,712,14026 ,945.8/sq mi,712,14026 
561,32159,14086 ,942.7/sq mi,32159,14086 
562,12041,11961 ,934.6/sq mi,12041,11961 
563,172,13341 ,934.0/sq mi,172,13341 
564,6269,10577 ,928.8/sq mi,6269,10577 
565,5677,10962 ,923.8/sq mi,5677,10962 
566,596,12177 ,920.6/sq mi,596,12177 
567,542,11042 ,919.3/sq mi,542,11042 
568,211,13628 ,907.4/sq mi,211,13628 
569,2780,11955 ,902.1/sq mi,2780,11955 
570,44585,13760 ,898.3/sq mi,44585,13760 
571,20197,10567 ,894.1/sq mi,20197,10567 
572,1166,14480 ,890.0/sq mi,1166,14480 
573,9784,14467 ,886.7/sq mi,9784,14467 
574,4982,11940 ,880.4/sq mi,4982,11940 
575,6550,11786 ,879.1/sq mi,6550,11786 
576,530,12432 ,871.3/sq mi,530,12432 
577,13107,10520 ,870.3/sq mi,13107,10520 
578,3301,12449 ,868.1/sq mi,3301,12449 
579,134,12527 ,861.2/sq mi,134,12527 
580,417,12453 ,845.3/sq mi,417,12453 
581,13312,11946 ,838.8/sq mi,13312,11946 
582,9324,10992 ,838.2/sq mi,9324,10992 
583,6334,11560 ,830.5/sq mi,6334,11560 
584,21687,11768 ,820.2/sq mi,21687,11768 
585,16165,10549 ,815.3/sq mi,16165,10549 
586,16227,13413 ,813.1/sq mi,16227,13413 
587,11138,12188 ,792.9/sq mi,11138,12188 
588,466,11970 ,791.5/sq mi,466,11970 
589,19006,13901 ,789.3/sq mi,19006,13901 
590,17759,13039 ,785.7/sq mi,17759,13039 
591,11710,13492 ,776.4/sq mi,11710,13492 
592,4300,10925 ,775.0/sq mi,4300,10925 
593,11809,13066 ,773.6/sq mi,11809,13066 
594,1073,10501 ,765.9/sq mi,1073,10501 
595,3042,12520 ,765.1/sq mi,3042,12520 
596,208,13362 ,753.6/sq mi,208,13362 
597,685,14126 ,751.7/sq mi,685,14126 
598,1929,11941 ,745.1/sq mi,1929,11941 
599,68,13647 ,744.7/sq mi,68,13647 
600,185,14752 ,737.7/sq mi,185,14752 
601,30329,14127 ,736.0/sq mi,30329,14127 
602,48512,10940 ,735.4/sq mi,48512,10940 
603,4029,10928 ,731.1/sq mi,4029,10928 
604,167,14035 ,731.0/sq mi,167,14035 
605,797,10933 ,726.3/sq mi,797,10933 
606,20580,14072 ,725.9/sq mi,20580,14072 
607,2433,12979 ,715.7/sq mi,2433,12979 
608,199,12722 ,714.9/sq mi,199,12722 
609,8941,11792 ,710.7/sq mi,8941,11792 
610,842,12150 ,707.2/sq mi,842,12150 
611,2853,11724 ,703.6/sq mi,2853,11724 
612,310,12172 ,701.8/sq mi,310,12172 
613,352,12574 ,698.8/sq mi,352,12574 
614,1711,10964 ,693.7/sq mi,1711,10964 
615,9716,10970 ,689.0/sq mi,9716,10970 
616,15,14854 ,659.0/sq mi,15,14854 
617,9344,11771 ,643.9/sq mi,9344,11771 
618,27809,12302 ,638.4/sq mi,27809,12302 
619,342,13163 ,636.6/sq mi,342,13163 
620,8938,10930 ,636.3/sq mi,8938,10930 
621,15345,13031 ,631.1/sq mi,15345,13031 
622,6481,12077 ,618.3/sq mi,6481,12077 
623,11415,14425 ,611.1/sq mi,11415,14425 
624,17858,13790 ,610.6/sq mi,17858,13790 
625,1406,10922 ,598.7/sq mi,1406,10922 
626,32415,13502 ,598.3/sq mi,32415,13502 
627,11023,13041 ,589.8/sq mi,11023,13041 
628,5889,12518 ,589.0/sq mi,5889,12518 
629,293,12884 ,588.2/sq mi,293,12884 
630,11595,14092 ,588.1/sq mi,11595,14092 
631,3256,10926 ,582.9/sq mi,3256,10926 
632,25494,12306 ,582.6/sq mi,25494,12306 
633,34752,12401 ,581.4/sq mi,34752,12401 
634,7723,12198 ,579.0/sq mi,7723,12198 
635,4338,11944 ,575.4/sq mi,4338,11944 
636,7878,12159 ,557.4/sq mi,7878,12159 
637,1260,12504 ,551.6/sq mi,1260,12504 
638,13746,10980 ,549.6/sq mi,13746,10980 
639,3372,11719 ,549.4/sq mi,3372,11719 
640,129,13051 ,547.3/sq mi,129,13051 
641,1295,11972 ,535.0/sq mi,1295,11972 
642,12,14893 ,529.5/sq mi,12,14893 
643,21,13138 ,528.8/sq mi,21,13138 
644,269,13859 ,527.4/sq mi,269,13859 
645,25936,12533 ,525.4/sq mi,25936,12533 
646,37268,12866 ,524.1/sq mi,37268,12866 
647,13900,12538 ,523.0/sq mi,13900,12538 
648,1959,10917 ,522.9/sq mi,1959,10917 
649,3731,12027 ,518.6/sq mi,3731,12027 
650,14547,13057 ,518.4/sq mi,14547,13057 
651,65647,14850 ,517.6/sq mi,65647,14850 
652,9710,14031 ,512.3/sq mi,9710,14031 
653,4138,10921 ,509.1/sq mi,4138,10921 
654,30631,11901 ,508.4/sq mi,30631,11901 
655,7026,10590 ,501.2/sq mi,7026,10590 
656,12035,12586 ,499.2/sq mi,12035,12586 
657,19605,10509 ,497.0/sq mi,19605,10509 
658,475,12411 ,497.0/sq mi,475,12411 
659,14893,12019 ,496.5/sq mi,14893,12019 
660,164,14537 ,484.8/sq mi,164,14537 
661,1315,11948 ,483.3/sq mi,1315,11948 
662,9747,12061 ,481.5/sq mi,9747,12061 
663,14718,14048 ,480.7/sq mi,14718,14048 
664,26477,12804 ,478.1/sq mi,26477,12804 
665,480,12008 ,477.1/sq mi,480,12008 
666,1374,14506 ,476.2/sq mi,1374,14506 
667,4240,11568 ,475.2/sq mi,4240,11568 
668,177,13087 ,474.2/sq mi,177,13087 
669,39,13134 ,472.5/sq mi,39,13134 
670,1156,10527 ,471.4/sq mi,1156,10527 
671,6165,12582 ,467.6/sq mi,6165,12582 
672,18735,13903 ,467.3/sq mi,18735,13903 
673,6596,14047 ,466.6/sq mi,6596,14047 
674,1751,14203 ,460.5/sq mi,1751,14203 
675,238,13113 ,458.3/sq mi,238,13113 
676,27,13102 ,455.1/sq mi,27,13102 
677,263,14173 ,454.3/sq mi,263,14173 
678,31724,13027 ,453.7/sq mi,31724,13027 
679,15409,13215 ,453.5/sq mi,15409,13215 
680,1714,10526 ,448.2/sq mi,1714,10526 
681,17019,14901 ,446.1/sq mi,17019,14901 
682,14569,12118 ,441.9/sq mi,14569,12118 
683,1646,12472 ,441.1/sq mi,1646,12472 
684,2570,11977 ,440.4/sq mi,2570,11977 
685,12,12933 ,438.6/sq mi,12,12933 
686,40232,14701 ,434.1/sq mi,40232,14701 
687,7885,10504 ,433.0/sq mi,7885,10504 
688,4092,11942 ,430.1/sq mi,4092,11942 
689,1505,10518 ,429.7/sq mi,1505,10518 
690,18336,14559 ,428.7/sq mi,18336,14559 
691,439,13664 ,428.3/sq mi,439,13664 
692,32843,12901 ,428.2/sq mi,32843,12901 
693,4450,13838 ,426.9/sq mi,4450,13838 
694,6811,11963 ,426.6/sq mi,6811,11963 
695,22080,13850 ,424.6/sq mi,22080,13850 
696,25467,10512 ,422.3/sq mi,25467,10512 
697,2,10173 ,421.2/sq mi,2,10173 
698,13572,10941 ,421.2/sq mi,13572,10941 
699,13784,12839 ,421.0/sq mi,13784,12839 
700,6376,11971 ,420.0/sq mi,6376,11971 
701,6088,12542 ,419.5/sq mi,6088,12542 
702,7506,13029 ,414.6/sq mi,7506,13029 
703,50605,14094 ,414.2/sq mi,50605,14094 
704,9626,13904 ,413.0/sq mi,9626,13904 
705,14340,11949 ,411.8/sq mi,14340,11949 
706,1461,12486 ,408.0/sq mi,1461,12486 
707,31729,12020 ,405.1/sq mi,31729,12020 
708,387,13305 ,403.4/sq mi,387,13305 
709,1647,10919 ,398.3/sq mi,1647,10919 
710,14041,12771 ,397.0/sq mi,14041,12771 
711,2,10165 ,396.7/sq mi,2,10165 
712,2184,13616 ,393.9/sq mi,2184,13616 
713,1494,14102 ,391.3/sq mi,1494,14102 
714,2178,12821 ,388.3/sq mi,2178,12821 
715,4309,14750 ,388.2/sq mi,4309,14750 
716,10725,10536 ,385.4/sq mi,10725,10536 
717,744,11960 ,379.4/sq mi,744,11960 
718,325,12045 ,372.5/sq mi,325,12045 
719,172,13115 ,371.0/sq mi,172,13115 
720,42221,13440 ,369.5/sq mi,42221,13440 
721,4856,11980 ,366.8/sq mi,4856,11980 
722,9834,14059 ,365.1/sq mi,9834,14059 
723,9612,14006 ,363.8/sq mi,9612,14006 
724,3633,13602 ,363.4/sq mi,3633,13602 
725,637,13162 ,357.9/sq mi,637,13162 
726,4518,11952 ,357.0/sq mi,4518,11952 
727,49,12911 ,356.8/sq mi,49,12911 
728,11280,13357 ,356.0/sq mi,11280,13357 
729,3214,12196 ,354.9/sq mi,3214,12196 
730,11700,10918 ,350.7/sq mi,11700,10918 
731,9,10199 ,349.3/sq mi,9,10199 
732,8106,12563 ,347.0/sq mi,8106,12563 
733,7533,12570 ,345.9/sq mi,7533,12570 
734,16266,13104 ,343.9/sq mi,16266,13104 
735,328,14061 ,342.4/sq mi,328,14061 
736,13153,10924 ,340.8/sq mi,13153,10924 
737,14382,14564 ,340.6/sq mi,14382,14564 
738,20638,14420 ,339.9/sq mi,20638,14420 
739,7853,14032 ,338.4/sq mi,7853,14032 
740,589,10578 ,336.2/sq mi,589,10578 
741,37190,13126 ,335.6/sq mi,37190,13126 
742,479,12063 ,335.2/sq mi,479,12063 
743,14106,13421 ,335.1/sq mi,14106,13421 
744,23120,14020 ,332.8/sq mi,23120,14020 
745,729,12482 ,329.7/sq mi,729,12482 
746,4219,10963 ,329.6/sq mi,4219,10963 
747,10718,11968 ,326.8/sq mi,10718,11968 
748,39326,13021 ,326.6/sq mi,39326,13021 
749,18271,14468 ,326.5/sq mi,18271,14468 
750,10080,13350 ,325.5/sq mi,10080,13350 
751,1666,12733 ,324.3/sq mi,1666,12733 
752,7030,12051 ,324.1/sq mi,7030,12051 
753,20029,10990 ,323.2/sq mi,20029,10990 
754,6805,14903 ,321.1/sq mi,6805,14903 
755,5303,10506 ,319.9/sq mi,5303,10506 
756,500,12041 ,316.0/sq mi,500,12041 
757,1128,10597 ,314.4/sq mi,1128,10597 
758,3166,10974 ,314.1/sq mi,3166,10974 
759,3,10103 ,313.6/sq mi,3,10103 
760,13066,12528 ,312.0/sq mi,13066,12528 
761,2646,10973 ,310.4/sq mi,2646,10973 
762,145,13020 ,310.1/sq mi,145,13020 
763,18005,12589 ,307.1/sq mi,18005,12589 
764,18423,12561 ,305.3/sq mi,18423,12561 
765,947,10988 ,300.3/sq mi,947,10988 
766,1910,12759 ,298.1/sq mi,1910,12759 
767,9990,12569 ,297.3/sq mi,9990,12569 
768,1154,12751 ,297.3/sq mi,1154,12751 
769,14001,14513 ,296.9/sq mi,14001,14513 
770,11238,13323 ,295.1/sq mi,11238,13323 
771,1114,13615 ,289.9/sq mi,1114,13615 
772,129,12512 ,288.5/sq mi,129,12512 
773,3263,11935 ,287.6/sq mi,3263,11935 
774,14555,14063 ,286.9/sq mi,14555,14063 
775,3907,13748 ,286.0/sq mi,3907,13748 
776,78,13692 ,285.8/sq mi,78,13692 
777,10698,14502 ,285.2/sq mi,10698,14502 
778,7886,12033 ,284.8/sq mi,7886,12033 
779,1163,13469 ,284.4/sq mi,1163,13469 
780,11594,14519 ,283.6/sq mi,11594,14519 
781,17,11556 ,283.5/sq mi,17,11556 
782,18797,12477 ,283.3/sq mi,18797,12477 
783,18208,14760 ,283.3/sq mi,18208,14760 
784,11138,12549 ,283.2/sq mi,11138,12549 
785,3792,13030 ,282.8/sq mi,3792,13030 
786,132,13784 ,282.2/sq mi,132,13784 
787,30009,13045 ,280.7/sq mi,30009,13045 
788,2947,12547 ,280.0/sq mi,2947,12547 
789,7579,13403 ,279.9/sq mi,7579,13403 
790,17072,14052 ,275.1/sq mi,17072,14052 
791,6465,14568 ,272.2/sq mi,6465,14568 
792,718,12124 ,272.0/sq mi,718,12124 
793,9264,10579 ,271.1/sq mi,9264,10579 
794,745,11765 ,269.3/sq mi,745,11765 
795,38348,13601 ,267.3/sq mi,38348,13601 
796,100,14856 ,265.2/sq mi,100,14856 
797,5104,12143 ,261.7/sq mi,5104,12143 
798,4428,12148 ,261.6/sq mi,4428,12148 
799,20961,14845 ,261.3/sq mi,20961,14845 
800,10273,13078 ,260.8/sq mi,10273,13078 
801,6952,12754 ,259.9/sq mi,6952,12754 
802,17614,12831 ,258.4/sq mi,17614,12831 
803,140,12089 ,258.1/sq mi,140,12089 
804,1284,12515 ,255.4/sq mi,1284,12515 
805,12284,14004 ,254.6/sq mi,12284,14004 
806,19865,14456 ,254.1/sq mi,19865,14456 
807,1526,12577 ,253.2/sq mi,1526,12577 
808,684,12151 ,251.2/sq mi,684,12151 
809,3035,12543 ,251.0/sq mi,3035,12543 
810,76,12872 ,249.1/sq mi,76,12872 
811,6933,14132 ,246.9/sq mi,6933,14132 
812,555,13313 ,246.6/sq mi,555,13313 
813,1503,12086 ,245.4/sq mi,1503,12086 
814,8101,13732 ,240.0/sq mi,8101,13732 
815,2663,13424 ,238.9/sq mi,2663,13424 
816,2109,12779 ,235.6/sq mi,2109,12779 
817,181,10519 ,235.2/sq mi,181,10519 
818,102,11770 ,233.6/sq mi,102,11770 
819,7272,14464 ,232.4/sq mi,7272,14464 
820,15446,11937 ,228.5/sq mi,15446,11937 
821,25297,13069 ,228.1/sq mi,25297,13069 
822,2448,13164 ,228.0/sq mi,2448,13164 
823,5743,12721 ,225.6/sq mi,5743,12721 
824,2963,11978 ,224.7/sq mi,2963,11978 
825,298,11956 ,224.2/sq mi,298,11956 
826,1984,14814 ,222.9/sq mi,1984,14814 
827,1352,12548 ,222.4/sq mi,1352,12548 
828,7634,12540 ,221.8/sq mi,7634,12540 
829,6460,13108 ,221.2/sq mi,6460,13108 
830,33,10932 ,220.5/sq mi,33,10932 
831,271,14881 ,220.3/sq mi,271,14881 
832,4800,12498 ,220.1/sq mi,4800,12498 
833,11124,14454 ,219.7/sq mi,11124,14454 
834,251,12174 ,218.4/sq mi,251,12174 
835,85,14529 ,217.9/sq mi,85,14529 
836,19679,14830 ,217.0/sq mi,19679,14830 
837,28926,12010 ,216.8/sq mi,28926,12010 
838,4374,10916 ,215.6/sq mi,4374,10916 
839,319,14479 ,215.5/sq mi,319,14479 
840,234,14130 ,214.9/sq mi,234,14130 
841,6775,12158 ,214.8/sq mi,6775,12158 
842,24072,12078 ,214.5/sq mi,24072,12078 
843,4742,10560 ,213.5/sq mi,4742,10560 
844,147,12069 ,212.5/sq mi,147,12069 
845,138,11947 ,212.4/sq mi,138,11947 
846,6990,13135 ,211.2/sq mi,6990,13135 
847,22746,13820 ,211.1/sq mi,22746,13820 
848,26862,14424 ,211.0/sq mi,26862,14424 
849,6358,11933 ,210.9/sq mi,6358,11933 
850,434,12460 ,210.3/sq mi,434,12460 
851,5686,14108 ,209.9/sq mi,5686,14108 
852,87,12161 ,209.4/sq mi,87,12161 
853,110,12490 ,209.4/sq mi,110,12490 
854,8549,13037 ,208.5/sq mi,8549,13037 
855,4402,10524 ,208.4/sq mi,4402,10524 
856,4539,12580 ,208.3/sq mi,4539,12580 
857,2,10170 ,207.9/sq mi,2,10170 
858,1,10171 ,207.7/sq mi,1,10171 
859,4842,10576 ,207.5/sq mi,4842,10576 
860,564,12849 ,206.5/sq mi,564,12849 
861,877,11959 ,205.9/sq mi,877,11959 
862,5683,14174 ,205.1/sq mi,5683,14174 
863,3710,12443 ,204.6/sq mi,3710,12443 
864,3243,12487 ,202.8/sq mi,3243,12487 
865,596,12513 ,202.7/sq mi,596,12513 
866,17846,12534 ,202.3/sq mi,17846,12534 
867,118,13674 ,200.9/sq mi,118,13674 
868,2789,12015 ,200.3/sq mi,2789,12015 
869,12166,12095 ,199.6/sq mi,12166,12095 
870,260,13638 ,198.5/sq mi,260,13638 
871,9288,14522 ,198.0/sq mi,9288,14522 
872,163,13678 ,197.8/sq mi,163,13678 
873,4735,13082 ,197.4/sq mi,4735,13082 
874,6266,12186 ,195.6/sq mi,6266,12186 
875,240,12475 ,195.3/sq mi,240,12475 
876,9291,12828 ,194.7/sq mi,9291,12828 
877,174,13153 ,194.6/sq mi,174,13153 
878,1970,12575 ,194.1/sq mi,1970,12575 
879,10596,12566 ,194.1/sq mi,10596,12566 
880,1799,12491 ,193.7/sq mi,1799,12491 
881,2524,12583 ,192.7/sq mi,2524,12583 
882,2370,14170 ,191.4/sq mi,2370,14170 
883,1733,12977 ,191.3/sq mi,1733,12977 
884,1855,12789 ,190.7/sq mi,1855,12789 
885,8308,14472 ,188.8/sq mi,8308,14472 
886,3492,12531 ,188.7/sq mi,3492,12531 
887,2180,12775 ,188.4/sq mi,2180,12775 
888,1182,14555 ,187.4/sq mi,1182,14555 
889,5109,14136 ,186.7/sq mi,5109,14136 
890,10917,12701 ,185.4/sq mi,10917,12701 
891,446,12419 ,184.6/sq mi,446,12419 
892,8000,14892 ,184.3/sq mi,8000,14892 
893,655,12863 ,182.3/sq mi,655,12863 
894,901,12585 ,180.2/sq mi,901,12585 
895,7062,14414 ,179.4/sq mi,7062,14414 
896,3638,13795 ,175.7/sq mi,3638,13795 
897,143,13117 ,175.6/sq mi,143,13117 
898,16692,13662 ,175.4/sq mi,16692,13662 
899,7224,12564 ,175.3/sq mi,7224,12564 
900,1461,12140 ,174.8/sq mi,1461,12140 
901,6851,12184 ,174.6/sq mi,6851,12184 
902,10191,12571 ,174.0/sq mi,10191,12571 
903,10463,12414 ,173.6/sq mi,10463,12414 
904,1393,12974 ,173.0/sq mi,1393,12974 
905,7919,12018 ,173.0/sq mi,7919,12018 
906,7573,14589 ,172.7/sq mi,7573,14589 
907,10647,14870 ,172.1/sq mi,10647,14870 
908,1887,10986 ,172.0/sq mi,1887,10986 
909,8859,12572 ,171.9/sq mi,8859,12572 
910,8465,13036 ,171.8/sq mi,8465,13036 
911,421,10914 ,171.2/sq mi,421,10914 
912,8241,14057 ,170.9/sq mi,8241,14057 
913,4180,12594 ,169.4/sq mi,4180,12594 
914,3100,14716 ,168.6/sq mi,3100,14716 
915,10647,13148 ,168.1/sq mi,10647,13148 
916,1986,12451 ,167.5/sq mi,1986,12451 
917,6457,13346 ,166.2/sq mi,6457,13346 
918,5539,14487 ,165.8/sq mi,5539,14487 
919,5327,10516 ,165.8/sq mi,5327,10516 
920,6304,14432 ,163.2/sq mi,6304,14432 
921,2380,12106 ,162.9/sq mi,2380,12106 
922,13230,13032 ,162.1/sq mi,13230,13032 
923,2904,13612 ,161.8/sq mi,2904,13612 
924,379,14511 ,161.2/sq mi,379,14511 
925,2645,12413 ,160.8/sq mi,2645,12413 
926,2451,13076 ,160.0/sq mi,2451,13076 
927,5293,12123 ,160.0/sq mi,5293,12123 
928,10919,13165 ,159.8/sq mi,10919,13165 
929,4894,12170 ,158.9/sq mi,4894,12170 
930,2301,11976 ,158.4/sq mi,2301,11976 
931,55,12530 ,158.2/sq mi,55,12530 
932,16436,13669 ,158.1/sq mi,16436,13669 
933,49,13641 ,156.6/sq mi,49,13641 
934,4352,14733 ,155.9/sq mi,4352,14733 
935,606,13314 ,155.5/sq mi,606,13314 
936,8003,14428 ,155.4/sq mi,8003,14428 
937,2461,13060 ,153.7/sq mi,2461,13060 
938,60,13845 ,153.3/sq mi,60,13845 
939,3414,13655 ,151.9/sq mi,3414,13655 
940,943,12489 ,151.4/sq mi,943,12489 
941,4246,13456 ,151.3/sq mi,4246,13456 
942,2372,12578 ,150.0/sq mi,2372,12578 
943,5471,12025 ,149.1/sq mi,5471,12025 
944,9957,14011 ,148.8/sq mi,9957,14011 
945,227,14475 ,148.8/sq mi,227,14475 
946,1665,10969 ,148.3/sq mi,1665,10969 
947,9790,14001 ,148.1/sq mi,9790,14001 
948,3210,14025 ,143.7/sq mi,3210,14025 
949,2699,10998 ,143.6/sq mi,2699,10998 
950,4416,12037 ,142.3/sq mi,4416,12037 
951,3420,13132 ,141.7/sq mi,3420,13132 
952,475,14808 ,141.0/sq mi,475,14808 
953,8265,14482 ,141.0/sq mi,8265,14482 
954,908,10931 ,140.7/sq mi,908,10931 
955,4843,14546 ,140.5/sq mi,4843,14546 
956,4282,12871 ,139.9/sq mi,4282,12871 
957,2787,14865 ,139.7/sq mi,2787,14865 
958,490,12787 ,139.5/sq mi,490,12787 
959,143,14135 ,138.4/sq mi,143,14135 
960,6009,12962 ,138.4/sq mi,6009,12962 
961,2168,12516 ,138.4/sq mi,2168,12516 
962,2931,13476 ,137.2/sq mi,2931,13476 
963,1260,12956 ,137.0/sq mi,1260,12956 
964,7264,12009 ,136.9/sq mi,7264,12009 
965,5159,12522 ,136.6/sq mi,5159,12522 
966,8396,12043 ,135.4/sq mi,8396,12043 
967,4056,14548 ,134.9/sq mi,4056,14548 
968,569,12420 ,134.6/sq mi,569,12420 
969,290,12742 ,134.4/sq mi,290,12742 
970,28,12864 ,134.2/sq mi,28,12864 
971,7788,13340 ,133.8/sq mi,7788,13340 
972,5565,13166 ,133.7/sq mi,5565,13166 
973,3483,14712 ,133.4/sq mi,3483,14712 
974,10728,14103 ,133.4/sq mi,10728,14103 
975,200,12507 ,132.3/sq mi,200,12507 
976,261,14707 ,131.3/sq mi,261,14707 
977,1535,14478 ,131.2/sq mi,1535,14478 
978,111,14134 ,130.8/sq mi,111,14134 
979,3997,13080 ,130.8/sq mi,3997,13080 
980,4609,14485 ,130.2/sq mi,4609,14485 
981,2252,14033 ,130.1/sq mi,2252,14033 
982,5693,14551 ,129.9/sq mi,5693,14551 
983,1607,12070 ,129.7/sq mi,1607,12070 
984,13052,14843 ,129.3/sq mi,13052,14843 
985,13896,13815 ,128.9/sq mi,13896,13815 
986,2265,14744 ,128.8/sq mi,2265,14744 
987,4283,13053 ,128.1/sq mi,4283,13053 
988,14493,14411 ,127.6/sq mi,14493,14411 
989,2929,10958 ,127.3/sq mi,2929,10958 
990,295,14041 ,127.2/sq mi,295,14041 
991,5050,14505 ,127.2/sq mi,5050,14505 
992,235,12132 ,126.4/sq mi,235,12132 
993,8178,13152 ,126.4/sq mi,8178,13152 
994,493,12433 ,126.2/sq mi,493,12433 
995,11649,13827 ,126.0/sq mi,11649,13827 
996,2162,13120 ,125.9/sq mi,2162,13120 
997,798,12035 ,125.9/sq mi,798,12035 
998,2319,12056 ,125.4/sq mi,2319,12056 
999,932,11939 ,125.2/sq mi,932,11939 
1000,3205,14034 ,124.7/sq mi,3205,14034 
1001,3174,14543 ,124.3/sq mi,3174,14543 
1002,7930,14470 ,123.6/sq mi,7930,14470 
1003,6709,12428 ,123.0/sq mi,6709,12428 
1004,1446,13490 ,122.2/sq mi,1446,13490 
1005,2885,12788 ,121.7/sq mi,2885,12788 
1006,3273,12514 ,121.6/sq mi,3273,12514 
1007,2089,12192 ,121.4/sq mi,2089,12192 
1008,2884,12484 ,121.1/sq mi,2884,12484 
1009,48,13623 ,121.1/sq mi,48,13623 
1010,47,13834 ,120.8/sq mi,47,13834 
1011,2882,12525 ,120.8/sq mi,2882,12525 
1012,173,14545 ,120.6/sq mi,173,14545 
1013,315,12978 ,120.5/sq mi,315,12978 
1014,4309,13833 ,120.1/sq mi,4309,13833 
1015,1722,12747 ,119.5/sq mi,1722,12747 
1016,192,12745 ,119.5/sq mi,192,12745 
1017,6520,13073 ,118.5/sq mi,6520,13073 
1018,601,12838 ,118.2/sq mi,601,12838 
1019,3939,14882 ,118.2/sq mi,3939,14882 
1020,6050,14070 ,117.7/sq mi,6050,14070 
1021,3763,12526 ,116.9/sq mi,3763,12526 
1022,3104,14172 ,116.3/sq mi,3104,14172 
1023,4111,12833 ,116.1/sq mi,4111,12833 
1024,1311,14894 ,116.0/sq mi,1311,14894 
1025,385,12483 ,114.8/sq mi,385,12483 
1026,55,12438 ,114.4/sq mi,55,12438 
1027,442,14816 ,114.1/sq mi,442,14816 
1028,1909,13145 ,113.7/sq mi,1909,13145 
1029,337,12749 ,113.6/sq mi,337,12749 
1030,385,12176 ,112.4/sq mi,385,12176 
1031,4828,14131 ,112.3/sq mi,4828,14131 
1032,3945,13637 ,111.9/sq mi,3945,13637 
1033,2375,13363 ,111.9/sq mi,2375,13363 
1034,80,13794 ,111.5/sq mi,80,13794 
1035,8543,13035 ,111.3/sq mi,8543,13035 
1036,1284,13744 ,110.8/sq mi,1284,13744 
1037,5697,13068 ,110.7/sq mi,5697,13068 
1038,664,13777 ,110.3/sq mi,664,13777 
1039,123,10953 ,110.3/sq mi,123,10953 
1040,5456,14067 ,110.0/sq mi,5456,14067 
1041,5030,14787 ,109.3/sq mi,5030,14787 
1042,4864,12845 ,109.1/sq mi,4864,12845 
1043,7684,14141 ,108.7/sq mi,7684,14141 
1044,5392,14530 ,108.5/sq mi,5392,14530 
1045,6175,12090 ,108.3/sq mi,6175,12090 
1046,2368,12859 ,107.3/sq mi,2368,12859 
1047,1844,14466 ,107.1/sq mi,1844,14466 
1048,4879,13634 ,107.0/sq mi,4879,13634 
1049,3835,12404 ,106.8/sq mi,3835,12404 
1050,7261,14489 ,106.7/sq mi,7261,14489 
1051,6761,13114 ,106.3/sq mi,6761,13114 
1052,317,13774 ,105.9/sq mi,317,13774 
1053,964,14769 ,105.7/sq mi,964,14769 
1054,3765,14125 ,105.0/sq mi,3765,14125 
1055,4467,13074 ,104.8/sq mi,4467,13074 
1056,16728,13676 ,103.9/sq mi,16728,13676 
1057,2048,11964 ,103.4/sq mi,2048,11964 
1058,4235,14532 ,103.3/sq mi,4235,14532 
1059,12444,14810 ,102.7/sq mi,12444,14810 
1060,2306,13685 ,102.6/sq mi,2306,13685 
1061,2200,13112 ,101.9/sq mi,2200,13112 
1062,2167,13160 ,101.8/sq mi,2167,13160 
1063,3834,13408 ,101.6/sq mi,3834,13408 
1064,1423,14028 ,101.3/sq mi,1423,14028 
1065,3281,12458 ,101.3/sq mi,3281,12458 
1066,132,12040 ,101.0/sq mi,132,12040 
1067,650,14872 ,101.0/sq mi,650,14872 
1068,4671,12790 ,100.9/sq mi,4671,12790 
1069,1731,12173 ,100.5/sq mi,1731,12173 
1070,1810,13607 ,100.3/sq mi,1810,13607 
1071,4303,13084 ,100.0/sq mi,4303,13084 
1072,281,12975 ,98.5/sq mi,281,12975 
1073,6500,14469 ,98.4/sq mi,6500,14469 
1074,650,12738 ,98.4/sq mi,650,12738 
1075,646,12791 ,98.4/sq mi,646,12791 
1076,4272,12157 ,97.8/sq mi,4272,12157 
1077,1,10110 ,97.0/sq mi,1,10110 
1078,551,13776 ,96.9/sq mi,551,13776 
1079,2628,14471 ,96.9/sq mi,2628,14471 
1080,2183,12729 ,96.8/sq mi,2183,12729 
1081,3471,11954 ,96.8/sq mi,3471,11954 
1082,822,12485 ,96.7/sq mi,822,12485 
1083,3606,14416 ,96.6/sq mi,3606,14416 
1084,10706,13619 ,96.6/sq mi,10706,13619 
1085,5561,14871 ,96.4/sq mi,5561,14871 
1086,5280,13407 ,96.3/sq mi,5280,13407 
1087,1530,13428 ,96.2/sq mi,1530,13428 
1088,1008,11932 ,96.1/sq mi,1008,11932 
1089,3006,12068 ,95.4/sq mi,3006,12068 
1090,3456,14111 ,95.4/sq mi,3456,14111 
1091,12923,14527 ,95.3/sq mi,12923,14527 
1092,4828,14423 ,95.2/sq mi,4828,14423 
1093,1376,12746 ,94.9/sq mi,1376,12746 
1094,2836,14770 ,94.8/sq mi,2836,14770 
1095,419,13861 ,94.7/sq mi,419,13861 
1096,574,12412 ,94.6/sq mi,574,12412 
1097,5119,14036 ,94.2/sq mi,5119,14036 
1098,2313,13110 ,94.1/sq mi,2313,13110 
1099,6673,13077 ,94.0/sq mi,6673,13077 
1100,4634,14541 ,93.8/sq mi,4634,14541 
1101,6287,12822 ,93.5/sq mi,6287,12822 
1102,7236,14886 ,93.0/sq mi,7236,14886 
1103,1006,12463 ,92.7/sq mi,1006,12463 
1104,2348,13425 ,91.9/sq mi,2348,13425 
1105,3484,13668 ,91.8/sq mi,3484,13668 
1106,11314,14437 ,91.1/sq mi,11314,14437 
1107,1600,13304 ,90.8/sq mi,1600,13304 
1108,1363,12473 ,90.8/sq mi,1363,12473 
1109,912,13802 ,90.5/sq mi,912,13802 
1110,94,12024 ,90.2/sq mi,94,12024 
1111,1565,11930 ,90.2/sq mi,1565,11930 
1112,2229,14476 ,89.8/sq mi,2229,14476 
1113,4247,14105 ,89.7/sq mi,4247,14105 
1114,175,12195 ,89.5/sq mi,175,12195 
1115,286,13636 ,89.2/sq mi,286,13636 
1116,366,11958 ,89.2/sq mi,366,11958 
1117,3056,13167 ,89.1/sq mi,3056,13167 
1118,4655,14891 ,89.0/sq mi,4655,14891 
1119,1802,13477 ,89.0/sq mi,1802,13477 
1120,359,11975 ,88.8/sq mi,359,11975 
1121,2180,12185 ,88.7/sq mi,2180,12185 
1122,1119,12481 ,88.6/sq mi,1119,12481 
1123,1107,14864 ,88.6/sq mi,1107,14864 
1124,2550,12094 ,88.5/sq mi,2550,12094 
1125,300,12792 ,88.4/sq mi,300,12792 
1126,1767,14030 ,88.0/sq mi,1767,14030 
1127,3101,13606 ,87.9/sq mi,3101,13606 
1128,3167,14081 ,87.8/sq mi,3167,14081 
1129,2710,12501 ,87.7/sq mi,2710,12501 
1130,2152,12780 ,87.7/sq mi,2152,12780 
1131,5636,13624 ,87.7/sq mi,5636,13624 
1132,2989,14517 ,87.6/sq mi,2989,14517 
1133,2088,12461 ,87.3/sq mi,2088,12461 
1134,11243,13617 ,87.3/sq mi,11243,13617 
1135,4764,12545 ,86.6/sq mi,4764,12545 
1136,738,14069 ,86.5/sq mi,738,14069 
1137,1338,12431 ,86.4/sq mi,1338,12431 
1138,9802,14895 ,86.1/sq mi,9802,14895 
1139,5738,14867 ,85.4/sq mi,5738,14867 
1140,2008,12440 ,85.3/sq mi,2008,12440 
1141,2028,14139 ,84.9/sq mi,2028,14139 
1142,3279,10987 ,84.6/sq mi,3279,10987 
1143,1764,14550 ,84.5/sq mi,1764,14550 
1144,4467,14080 ,84.4/sq mi,4467,14080 
1145,260,13806 ,83.9/sq mi,260,13806 
1146,2352,13044 ,83.8/sq mi,2352,13044 
1147,1328,13328 ,83.7/sq mi,1328,13328 
1148,3639,12083 ,83.4/sq mi,3639,12083 
1149,1825,12748 ,82.6/sq mi,1825,12748 
1150,2799,13042 ,82.6/sq mi,2799,13042 
1151,3783,14042 ,82.4/sq mi,3783,14042 
1152,1033,12765 ,82.4/sq mi,1033,12765 
1153,238,12465 ,82.0/sq mi,238,12465 
1154,6141,13142 ,81.8/sq mi,6141,13142 
1155,6624,12832 ,81.8/sq mi,6624,12832 
1156,1586,12058 ,81.2/sq mi,1586,12058 
1157,346,12781 ,81.1/sq mi,346,12781 
1158,3787,13317 ,81.1/sq mi,3787,13317 
1159,6216,14569 ,81.0/sq mi,6216,14569 
1160,351,12823 ,80.8/sq mi,351,12823 
1161,4353,13140 ,80.8/sq mi,4353,13140 
1162,2429,14516 ,80.6/sq mi,2429,14516 
1163,237,13404 ,80.4/sq mi,237,13404 
1164,2365,14040 ,80.4/sq mi,2365,14040 
1165,150,12752 ,80.1/sq mi,150,12752 
1166,1016,12423 ,79.9/sq mi,1016,12423 
1167,1434,12125 ,79.8/sq mi,1434,12125 
1168,2247,14544 ,79.5/sq mi,2247,14544 
1169,2089,14477 ,79.4/sq mi,2089,14477 
1170,6294,14706 ,79.2/sq mi,6294,14706 
1171,3120,12075 ,79.0/sq mi,3120,12075 
1172,2894,14435 ,79.0/sq mi,2894,14435 
1173,2216,13746 ,78.5/sq mi,2216,13746 
1174,1865,14481 ,78.5/sq mi,1865,14481 
1175,1725,12523 ,78.1/sq mi,1725,12523 
1176,2849,12074 ,78.0/sq mi,2849,12074 
1177,1901,12137 ,78.0/sq mi,1901,12137 
1178,156,13751 ,78.0/sq mi,156,13751 
1179,558,12405 ,77.8/sq mi,558,12405 
1180,184,13123 ,77.8/sq mi,184,13123 
1181,6448,12972 ,77.4/sq mi,6448,12972 
1182,4531,13862 ,77.2/sq mi,4531,13862 
1183,2750,13478 ,76.8/sq mi,2750,13478 
1184,1452,13028 ,76.5/sq mi,1452,13028 
1185,1857,13034 ,76.1/sq mi,1857,13034 
1186,3520,14757 ,76.1/sq mi,3520,14757 
1187,2611,13409 ,75.7/sq mi,2611,13409 
1188,5199,14590 ,75.7/sq mi,5199,14590 
1189,2973,13308 ,75.6/sq mi,2973,13308 
1190,919,13322 ,75.3/sq mi,919,13322 
1191,2515,14012 ,75.3/sq mi,2515,14012 
1192,206,12844 ,75.3/sq mi,206,12844 
1193,3426,12117 ,75.2/sq mi,3426,12117 
1194,2903,12919 ,75.0/sq mi,2903,12919 
1195,298,12961 ,74.5/sq mi,298,12961 
1196,5532,14009 ,74.4/sq mi,5532,14009 
1197,1076,14143 ,74.2/sq mi,1076,14143 
1198,1739,12121 ,73.8/sq mi,1739,12121 
1199,4697,12992 ,73.7/sq mi,4697,12992 
1200,4605,12053 ,73.7/sq mi,4605,12053 
1201,2703,13734 ,73.5/sq mi,2703,13734 
1202,15679,12953 ,73.0/sq mi,15679,12953 
1203,89,13675 ,73.0/sq mi,89,13675 
1204,2755,14521 ,72.9/sq mi,2755,14521 
1205,555,13310 ,72.4/sq mi,555,13310 
1206,1275,12719 ,72.1/sq mi,1275,12719 
1207,3837,13329 ,71.8/sq mi,3837,13329 
1208,1551,12067 ,71.8/sq mi,1551,12067 
1209,2202,14427 ,71.7/sq mi,2202,14427 
1210,166,14874 ,71.7/sq mi,166,14874 
1211,2432,14422 ,71.3/sq mi,2432,14422 
1212,6243,12834 ,71.2/sq mi,6243,12834 
1213,2299,13812 ,70.7/sq mi,2299,13812 
1214,2425,12783 ,70.6/sq mi,2425,12783 
1215,296,06390 ,70.1/sq mi,296,06390 
1216,2328,12921 ,69.8/sq mi,2328,12921 
1217,185,13651 ,69.8/sq mi,185,13651 
1218,5228,14572 ,69.7/sq mi,5228,14572 
1219,2162,13156 ,69.4/sq mi,2162,13156 
1220,3359,14710 ,69.4/sq mi,3359,14710 
1221,3682,13131 ,69.4/sq mi,3682,13131 
1222,1581,13694 ,69.1/sq mi,1581,13694 
1223,2961,12154 ,69.0/sq mi,2961,12154 
1224,1032,12837 ,69.0/sq mi,1032,12837 
1225,1536,13054 ,68.9/sq mi,1536,13054 
1226,5569,14837 ,68.7/sq mi,5569,14837 
1227,4329,12816 ,68.1/sq mi,4329,12816 
1228,4633,12446 ,68.0/sq mi,4633,12446 
1229,2648,13101 ,67.7/sq mi,2648,13101 
1230,5357,13159 ,67.5/sq mi,5357,13159 
1231,9134,13365 ,67.3/sq mi,9134,13365 
1232,5695,12887 ,67.3/sq mi,5695,12887 
1233,4700,14510 ,67.1/sq mi,4700,14510 
1234,3079,14098 ,66.9/sq mi,3079,14098 
1235,621,11965 ,66.8/sq mi,621,11965 
1236,3461,12809 ,66.7/sq mi,3461,12809 
1237,1343,14869 ,66.6/sq mi,1343,14869 
1238,4228,13811 ,66.5/sq mi,4228,13811 
1239,36,11931 ,66.0/sq mi,36,11931 
1240,3137,12850 ,65.8/sq mi,3137,12850 
1241,2195,14718 ,65.7/sq mi,2195,14718 
1242,2870,13143 ,65.5/sq mi,2870,13143 
1243,2090,12723 ,65.0/sq mi,2090,12723 
1244,2816,14715 ,64.8/sq mi,2816,14715 
1245,3794,13743 ,64.5/sq mi,3794,13743 
1246,3185,13730 ,64.2/sq mi,3185,13730 
1247,2960,12546 ,64.2/sq mi,2960,12546 
1248,1799,13026 ,63.9/sq mi,1799,13026 
1249,2228,13673 ,63.8/sq mi,2228,13673 
1250,1698,12059 ,63.7/sq mi,1698,12059 
1251,955,12156 ,63.6/sq mi,955,12156 
1252,3419,13480 ,63.4/sq mi,3419,13480 
1253,3939,13033 ,63.4/sq mi,3939,13033 
1254,991,12824 ,63.3/sq mi,991,12824 
1255,3294,13354 ,63.2/sq mi,3294,13354 
1256,1196,12592 ,63.2/sq mi,1196,12592 
1257,2109,13797 ,63.1/sq mi,2109,13797 
1258,2928,12567 ,63.0/sq mi,2928,12567 
1259,452,11962 ,62.9/sq mi,452,11962 
1260,1095,12785 ,62.4/sq mi,1095,12785 
1261,4595,12885 ,62.3/sq mi,4595,12885 
1262,6784,13339 ,62.2/sq mi,6784,13339 
1263,3522,13825 ,62.1/sq mi,3522,13825 
1264,4121,14433 ,62.0/sq mi,4121,14433 
1265,3209,14561 ,61.9/sq mi,3209,14561 
1266,1576,13402 ,61.8/sq mi,1576,13402 
1267,674,13406 ,61.4/sq mi,674,13406 
1268,5020,12883 ,61.3/sq mi,5020,12883 
1269,6288,13118 ,61.2/sq mi,6288,13118 
1270,2120,12066 ,61.2/sq mi,2120,12066 
1271,5922,13778 ,60.8/sq mi,5922,13778 
1272,1136,13122 ,60.7/sq mi,1136,13122 
1273,2772,14525 ,60.7/sq mi,2772,14525 
1274,2032,14005 ,60.6/sq mi,2032,14005 
1275,128,12429 ,60.6/sq mi,128,12429 
1276,2130,12057 ,60.6/sq mi,2130,12057 
1277,5710,13753 ,60.5/sq mi,5710,13753 
1278,1270,14860 ,60.5/sq mi,1270,14860 
1279,1357,13796 ,60.4/sq mi,1357,13796 
1280,135,14732 ,60.3/sq mi,135,14732 
1281,4907,13605 ,60.3/sq mi,4907,13605 
1282,3017,13667 ,60.3/sq mi,3017,13667 
1283,4645,13452 ,60.2/sq mi,4645,13452 
1284,631,12517 ,60.2/sq mi,631,12517 
1285,2389,12918 ,60.2/sq mi,2389,12918 
1286,482,12766 ,59.9/sq mi,482,12766 
1287,1007,14825 ,59.7/sq mi,1007,14825 
1288,2160,14838 ,59.6/sq mi,2160,14838 
1289,1123,14571 ,59.5/sq mi,1123,14571 
1290,1058,12160 ,59.2/sq mi,1058,12160 
1291,730,13841 ,59.1/sq mi,730,13841 
1292,4213,13460 ,58.8/sq mi,4213,13460 
1293,2282,14847 ,58.5/sq mi,2282,14847 
1294,884,12092 ,58.4/sq mi,884,12092 
1295,5332,13733 ,58.4/sq mi,5332,13733 
1296,304,12115 ,58.3/sq mi,304,12115 
1297,188,12165 ,58.2/sq mi,188,12165 
1298,3893,13849 ,58.2/sq mi,3893,13849 
1299,6629,14779 ,58.2/sq mi,6629,14779 
1300,395,12762 ,57.8/sq mi,395,12762 
1301,5545,13326 ,57.7/sq mi,5545,13326 
1302,1496,14740 ,57.4/sq mi,1496,14740 
1303,1677,12062 ,57.4/sq mi,1677,12062 
1304,6373,13865 ,57.1/sq mi,6373,13865 
1305,1826,14533 ,56.8/sq mi,1826,14533 
1306,1706,13809 ,56.7/sq mi,1706,13809 
1307,280,13345 ,56.5/sq mi,280,13345 
1308,1496,13111 ,56.0/sq mi,1496,13111 
1309,4056,14883 ,55.8/sq mi,4056,14883 
1310,2561,12167 ,55.7/sq mi,2561,12167 
1311,702,13842 ,55.6/sq mi,702,13842 
1312,3289,12846 ,55.4/sq mi,3289,12846 
1313,2697,12072 ,55.4/sq mi,2697,12072 
1314,1937,12168 ,55.4/sq mi,1937,12168 
1315,3543,13787 ,55.3/sq mi,3543,13787 
1316,3641,14738 ,55.1/sq mi,3641,14738 
1317,4087,14772 ,55.1/sq mi,4087,14772 
1318,2190,14058 ,54.9/sq mi,2190,14058 
1319,537,12470 ,54.7/sq mi,537,12470 
1320,328,10975 ,54.6/sq mi,328,10975 
1321,227,12939 ,54.6/sq mi,227,12939 
1322,2967,14821 ,54.6/sq mi,2967,14821 
1323,1901,13063 ,54.5/sq mi,1901,13063 
1324,14,10985 ,54.5/sq mi,14,10985 
1325,1105,12029 ,54.3/sq mi,1105,12029 
1326,2672,13332 ,54.2/sq mi,2672,13332 
1327,2062,12737 ,54.1/sq mi,2062,12737 
1328,1522,14145 ,54.1/sq mi,1522,14145 
1329,2193,14726 ,53.9/sq mi,2193,14726 
1330,1995,13431 ,53.7/sq mi,1995,13431 
1331,2225,12916 ,53.6/sq mi,2225,12916 
1332,58,13826 ,53.6/sq mi,58,13826 
1333,92,12811 ,53.4/sq mi,92,12811 
1334,3876,12865 ,53.3/sq mi,3876,12865 
1335,9849,13642 ,53.3/sq mi,9849,13642 
1336,1702,12957 ,53.3/sq mi,1702,12957 
1337,2151,14817 ,53.3/sq mi,2151,14817 
1338,743,12457 ,53.2/sq mi,743,12457 
1339,728,12734 ,52.7/sq mi,728,12734 
1340,3110,14840 ,52.7/sq mi,3110,14840 
1341,1723,12937 ,52.6/sq mi,1723,12937 
1342,2527,13092 ,52.0/sq mi,2527,13092 
1343,2261,14747 ,51.8/sq mi,2261,14747 
1344,5638,14801 ,51.7/sq mi,5638,14801 
1345,3741,13491 ,51.7/sq mi,3741,13491 
1346,793,13863 ,51.6/sq mi,793,13863 
1347,245,12770 ,51.3/sq mi,245,12770 
1348,2231,14879 ,51.3/sq mi,2231,14879 
1349,2415,12149 ,51.3/sq mi,2415,12149 
1350,1295,14008 ,51.2/sq mi,1295,14008 
1351,1078,14091 ,50.7/sq mi,1078,14091 
1352,1498,13334 ,50.5/sq mi,1498,13334 
1353,2171,14101 ,50.5/sq mi,2171,14101 
1354,1217,13807 ,50.3/sq mi,1217,13807 
1355,3453,13411 ,50.2/sq mi,3453,13411 
1356,2980,13622 ,50.0/sq mi,2980,13622 
1357,815,12860 ,50.0/sq mi,815,12860 
1358,1111,13780 ,49.6/sq mi,1111,13780 
1359,594,14462 ,49.6/sq mi,594,14462 
1360,1949,12116 ,49.5/sq mi,1949,12116 
1361,1843,12958 ,49.4/sq mi,1843,12958 
1362,855,14037 ,49.4/sq mi,855,14037 
1363,709,12763 ,49.1/sq mi,709,12763 
1364,1976,14711 ,49.0/sq mi,1976,14711 
1365,1915,12193 ,48.8/sq mi,1915,12193 
1366,1825,14065 ,48.8/sq mi,1825,14065 
1367,2680,14782 ,48.7/sq mi,2680,14782 
1368,368,12724 ,48.7/sq mi,368,12724 
1369,475,13468 ,48.3/sq mi,475,13468 
1370,808,14842 ,48.3/sq mi,808,14842 
1371,1189,14054 ,47.8/sq mi,1189,14054 
1372,4386,12944 ,47.7/sq mi,4386,12944 
1373,268,14486 ,47.6/sq mi,268,14486 
1374,2250,14138 ,47.5/sq mi,2250,14138 
1375,454,12965 ,47.5/sq mi,454,12965 
1376,1936,12581 ,47.4/sq mi,1936,12581 
1377,5161,14727 ,47.1/sq mi,5161,14727 
1378,1477,12052 ,47.1/sq mi,1477,12052 
1379,140,12767 ,47.1/sq mi,140,12767 
1380,1713,14858 ,47.0/sq mi,1713,14858 
1381,1839,13144 ,47.0/sq mi,1839,13144 
1382,1443,12960 ,46.9/sq mi,1443,12960 
1383,1190,13318 ,46.9/sq mi,1190,13318 
1384,1765,14167 ,46.9/sq mi,1765,14167 
1385,616,13141 ,46.8/sq mi,616,13141 
1386,870,14815 ,46.6/sq mi,870,14815 
1387,3617,14823 ,46.6/sq mi,3617,14823 
1388,1860,14560 ,46.6/sq mi,1860,14560 
1389,673,12409 ,46.4/sq mi,673,12409 
1390,4765,14512 ,46.4/sq mi,4765,14512 
1391,909,14841 ,46.4/sq mi,909,14841 
1392,4153,13803 ,46.1/sq mi,4153,13803 
1393,86,14039 ,46.0/sq mi,86,14039 
1394,1436,14129 ,46.0/sq mi,1436,14129 
1395,412,13614 ,46.0/sq mi,412,13614 
1396,240,14736 ,45.9/sq mi,240,14736 
1397,3311,14062 ,45.6/sq mi,3311,14062 
1398,2385,13416 ,45.6/sq mi,2385,13416 
1399,313,12493 ,45.3/sq mi,313,12493 
1400,1461,14055 ,45.1/sq mi,1461,14055 
1401,5020,13830 ,45.1/sq mi,5020,13830 
1402,2000,13433 ,45.1/sq mi,2000,13433 
1403,2101,13620 ,45.0/sq mi,2101,13620 
1404,1024,12028 ,44.8/sq mi,1024,12028 
1405,5,14549 ,44.5/sq mi,5,14549 
1406,886,12087 ,44.4/sq mi,886,12087 
1407,772,12046 ,44.3/sq mi,772,12046 
1408,1470,12521 ,44.3/sq mi,1470,12521 
1409,1193,13061 ,44.2/sq mi,1193,13061 
1410,3561,13754 ,43.9/sq mi,3561,13754 
1411,1312,12726 ,43.8/sq mi,1312,12726 
1412,104,13450 ,43.7/sq mi,104,13450 
1413,1280,12913 ,43.6/sq mi,1280,12913 
1414,1890,14743 ,43.5/sq mi,1890,14743 
1415,3369,14812 ,43.4/sq mi,3369,14812 
1416,3821,13438 ,43.4/sq mi,3821,13438 
1417,793,14748 ,43.4/sq mi,793,14748 
1418,786,12153 ,43.2/sq mi,786,12153 
1419,1650,13335 ,43.2/sq mi,1650,13335 
1420,2413,14809 ,43.2/sq mi,2413,14809 
1421,514,12448 ,43.2/sq mi,514,12448 
1422,657,13804 ,43.1/sq mi,657,13804 
1423,656,14777 ,42.9/sq mi,656,14777 
1424,1598,14818 ,42.8/sq mi,1598,14818 
1425,664,13786 ,42.6/sq mi,664,13786 
1426,3000,13654 ,42.5/sq mi,3000,13654 
1427,1732,14013 ,42.4/sq mi,1732,14013 
1428,2358,12817 ,42.3/sq mi,2358,12817 
1429,3655,13439 ,42.2/sq mi,3655,13439 
1430,220,13418 ,42.2/sq mi,220,13418 
1431,61,14415 ,42.0/sq mi,61,14415 
1432,2559,14813 ,42.0/sq mi,2559,14813 
1433,3120,14755 ,41.3/sq mi,3120,14755 
1434,874,12503 ,41.3/sq mi,874,12503 
1435,1096,13864 ,41.1/sq mi,1096,13864 
1436,6655,13316 ,41.0/sq mi,6655,13316 
1437,114,12924 ,40.7/sq mi,114,12924 
1438,2764,14807 ,40.7/sq mi,2764,14807 
1439,137,12407 ,40.7/sq mi,137,12407 
1440,5940,13309 ,40.6/sq mi,5940,13309 
1441,2284,14775 ,40.6/sq mi,2284,14775 
1442,2069,13459 ,40.5/sq mi,2069,13459 
1443,4372,12122 ,40.3/sq mi,4372,12122 
1444,1954,12926 ,40.3/sq mi,1954,12926 
1445,3247,12138 ,40.3/sq mi,3247,12138 
1446,700,12120 ,39.8/sq mi,700,12120 
1447,989,13071 ,39.8/sq mi,989,13071 
1448,1532,12959 ,39.6/sq mi,1532,12959 
1449,1292,14507 ,39.4/sq mi,1292,14507 
1450,244,12987 ,39.3/sq mi,244,12987 
1451,2005,14171 ,39.2/sq mi,2005,14171 
1452,2948,13691 ,39.0/sq mi,2948,13691 
1453,3352,12966 ,38.9/sq mi,3352,12966 
1454,303,12439 ,38.6/sq mi,303,12439 
1455,1552,14591 ,38.4/sq mi,1552,14591 
1456,5124,12946 ,38.4/sq mi,5124,12946 
1457,2832,14873 ,38.3/sq mi,2832,14873 
1458,1324,12060 ,38.2/sq mi,1324,12060 
1459,1372,13147 ,38.2/sq mi,1372,13147 
1460,956,14803 ,38.2/sq mi,956,14803 
1461,2560,12197 ,38.0/sq mi,2560,12197 
1462,1305,14861 ,37.8/sq mi,1305,14861 
1463,2021,14767 ,37.7/sq mi,2021,14767 
1464,2515,12529 ,37.6/sq mi,2515,12529 
1465,1127,14836 ,37.5/sq mi,1127,14836 
1466,1530,12941 ,37.5/sq mi,1530,12941 
1467,682,12136 ,37.5/sq mi,682,12136 
1468,1502,13608 ,37.4/sq mi,1502,13608 
1469,110,13364 ,37.2/sq mi,110,13364 
1470,2019,13660 ,37.2/sq mi,2019,13660 
1471,2036,13146 ,37.2/sq mi,2036,13146 
1472,2252,13736 ,37.1/sq mi,2252,13736 
1473,2264,14826 ,37.1/sq mi,2264,14826 
1474,1362,13808 ,36.9/sq mi,1362,13808 
1475,3501,14719 ,36.9/sq mi,3501,14719 
1476,2007,13843 ,36.8/sq mi,2007,13843 
1477,1905,12996 ,36.8/sq mi,1905,12996 
1478,590,14878 ,36.8/sq mi,590,14878 
1479,1301,13680 ,36.7/sq mi,1301,13680 
1480,1062,13081 ,36.7/sq mi,1062,13081 
1481,1371,14418 ,36.7/sq mi,1371,14418 
1482,2120,12023 ,36.6/sq mi,2120,12023 
1483,3442,13471 ,36.5/sq mi,3442,13471 
1484,620,14113 ,36.4/sq mi,620,14113 
1485,304,12741 ,36.3/sq mi,304,12741 
1486,515,12434 ,36.3/sq mi,515,12434 
1487,158,12042 ,36.3/sq mi,158,12042 
1488,211,12778 ,36.2/sq mi,211,12778 
1489,1,10020 ,36.2/sq mi,1,10020 
1490,1361,12967 ,36.2/sq mi,1361,12967 
1491,3997,14737 ,36.1/sq mi,3997,14737 
1492,346,12169 ,36.1/sq mi,346,12169 
1493,921,14897 ,36.1/sq mi,921,14897 
1494,2218,14741 ,36.0/sq mi,2218,14741 
1495,1002,14855 ,35.7/sq mi,1002,14855 
1496,1594,14889 ,35.4/sq mi,1594,14889 
1497,1745,13052 ,35.3/sq mi,1745,13052 
1498,662,12494 ,35.3/sq mi,662,12494 
1499,847,13844 ,35.2/sq mi,847,13844 
1500,114,12031 ,35.1/sq mi,114,12031 
1501,89,13484 ,34.9/sq mi,89,13484 
1502,770,12175 ,34.7/sq mi,770,12175 
1503,6570,13856 ,34.6/sq mi,6570,13856 
1504,2021,14898 ,34.6/sq mi,2021,14898 
1505,1632,12496 ,34.5/sq mi,1632,12496 
1506,1841,13775 ,34.4/sq mi,1841,13775 
1507,7958,12983 ,34.4/sq mi,7958,12983 
1508,392,12064 ,34.3/sq mi,392,12064 
1509,1213,13303 ,34.3/sq mi,1213,13303 
1510,2699,14739 ,34.1/sq mi,2699,14739 
1511,634,13337 ,34.1/sq mi,634,13337 
1512,565,14754 ,34.0/sq mi,565,14754 
1513,1920,13625 ,33.9/sq mi,1920,13625 
1514,1934,12155 ,33.9/sq mi,1934,12155 
1515,63,13696 ,33.8/sq mi,63,13696 
1516,1551,13302 ,33.8/sq mi,1551,13302 
1517,2895,13656 ,33.8/sq mi,2895,13656 
1518,1795,13618 ,33.8/sq mi,1795,13618 
1519,955,13361 ,33.7/sq mi,955,13361 
1520,1114,12502 ,33.5/sq mi,1114,12502 
1521,944,14805 ,33.4/sq mi,944,14805 
1522,1467,12474 ,33.2/sq mi,1467,12474 
1523,2486,14724 ,33.2/sq mi,2486,14724 
1524,271,13846 ,33.2/sq mi,271,13846 
1525,1676,13661 ,33.2/sq mi,1676,13661 
1526,201,12736 ,33.0/sq mi,201,12736 
1527,1433,13650 ,32.9/sq mi,1433,13650 
1528,56,13333 ,32.9/sq mi,56,13333 
1529,1053,12914 ,32.8/sq mi,1053,12914 
1530,713,11957 ,32.6/sq mi,713,11957 
1531,1413,13665 ,32.4/sq mi,1413,13665 
1532,500,12436 ,32.3/sq mi,500,12436 
1533,1477,12814 ,32.2/sq mi,1477,12814 
1534,294,12495 ,32.2/sq mi,294,12495 
1535,391,12998 ,32.2/sq mi,391,12998 
1536,1188,13348 ,32.1/sq mi,1188,13348 
1537,322,14082 ,32.1/sq mi,322,14082 
1538,1830,13343 ,32.0/sq mi,1830,13343 
1539,1617,14709 ,32.0/sq mi,1617,14709 
1540,858,13750 ,31.7/sq mi,858,13750 
1541,2627,14735 ,31.5/sq mi,2627,14735 
1542,1326,13835 ,31.4/sq mi,1326,13835 
1543,643,13155 ,31.4/sq mi,643,13155 
1544,58,14542 ,31.3/sq mi,58,14542 
1545,2046,12910 ,31.3/sq mi,2046,12910 
1546,2149,14806 ,31.2/sq mi,2149,14806 
1547,568,14536 ,30.9/sq mi,568,14536 
1548,2009,13697 ,30.5/sq mi,2009,13697 
1549,787,12732 ,30.5/sq mi,787,12732 
1550,1214,13839 ,30.4/sq mi,1214,13839 
1551,603,12147 ,30.4/sq mi,603,12147 
1552,212,13483 ,30.3/sq mi,212,13483 
1553,2181,14781 ,30.0/sq mi,2181,14781 
1554,1374,14731 ,30.0/sq mi,1374,14731 
1555,2813,12920 ,29.9/sq mi,2813,12920 
1556,801,14728 ,29.8/sq mi,801,14728 
1557,1314,12166 ,29.8/sq mi,1314,12166 
1558,1662,14804 ,29.7/sq mi,1662,14804 
1559,531,14060 ,29.7/sq mi,531,14060 
1560,3705,12827 ,29.7/sq mi,3705,12827 
1561,408,12418 ,29.5/sq mi,408,12418 
1562,1042,13788 ,29.5/sq mi,1042,13788 
1563,1098,13757 ,29.4/sq mi,1098,13757 
1564,4529,12758 ,29.4/sq mi,4529,12758 
1565,1450,13315 ,29.4/sq mi,1450,13315 
1566,1704,13083 ,29.3/sq mi,1704,13083 
1567,944,12022 ,29.1/sq mi,944,12022 
1568,654,14824 ,28.8/sq mi,654,14824 
1569,252,12743 ,28.6/sq mi,252,12743 
1570,896,13682 ,28.5/sq mi,896,13682 
1571,1415,14822 ,28.5/sq mi,1415,14822 
1572,1093,13464 ,28.5/sq mi,1093,13464 
1573,2385,13613 ,28.4/sq mi,2385,13613 
1574,1149,14066 ,28.3/sq mi,1149,14066 
1575,598,12873 ,28.3/sq mi,598,12873 
1576,1307,13368 ,28.0/sq mi,1307,13368 
1577,1198,12917 ,27.8/sq mi,1198,12917 
1578,1864,13652 ,27.7/sq mi,1864,13652 
1579,255,12071 ,27.6/sq mi,255,12071 
1580,237,12452 ,27.6/sq mi,237,12452 
1581,802,13355 ,27.5/sq mi,802,13355 
1582,1104,13810 ,27.5/sq mi,1104,13810 
1583,1812,12093 ,27.4/sq mi,1812,12093 
1584,274,12435 ,27.3/sq mi,274,12435 
1585,202,12036 ,27.2/sq mi,202,12036 
1586,71,13301 ,27.2/sq mi,71,13301 
1587,1318,13630 ,27.2/sq mi,1318,13630 
1588,33,12007 ,27.2/sq mi,33,12007 
1589,205,12459 ,26.9/sq mi,205,12459 
1590,1810,13679 ,26.8/sq mi,1810,13679 
1591,2064,13320 ,26.8/sq mi,2064,13320 
1592,1700,14024 ,26.7/sq mi,1700,14024 
1593,1056,12815 ,26.7/sq mi,1056,12815 
1594,1149,14723 ,26.6/sq mi,1149,14723 
1595,881,12442 ,26.5/sq mi,881,12442 
1596,118,12750 ,26.4/sq mi,118,12750 
1597,1607,12764 ,26.2/sq mi,1607,12764 
1598,766,14784 ,26.2/sq mi,766,14784 
1599,292,12454 ,26.1/sq mi,292,12454 
1600,1034,12430 ,26.0/sq mi,1034,12430 
1601,2034,13493 ,26.0/sq mi,2034,13493 
1602,2482,13040 ,25.7/sq mi,2482,13040 
1603,800,14859 ,25.6/sq mi,800,14859 
1604,464,14714 ,25.4/sq mi,464,14714 
1605,1978,12455 ,25.4/sq mi,1978,12455 
1606,534,13693 ,25.4/sq mi,534,13693 
1607,1979,13658 ,25.1/sq mi,1979,13658 
1608,264,14708 ,25.0/sq mi,264,14708 
1609,386,12444 ,24.9/sq mi,386,12444 
1610,464,13136 ,24.9/sq mi,464,13136 
1611,1867,12740 ,24.8/sq mi,1867,12740 
1612,6176,12986 ,24.7/sq mi,6176,12986 
1613,1077,12468 ,24.6/sq mi,1077,12468 
1614,2612,12981 ,24.5/sq mi,2612,12981 
1615,673,13832 ,24.2/sq mi,673,13832 
1616,875,12930 ,24.1/sq mi,875,12930 
1617,1843,12928 ,24.1/sq mi,1843,12928 
1618,823,13681 ,24.1/sq mi,823,13681 
1619,853,14729 ,24.0/sq mi,853,14729 
1620,244,12422 ,23.9/sq mi,244,12422 
1621,2353,12835 ,23.7/sq mi,2353,12835 
1622,1315,12985 ,23.7/sq mi,1315,12985 
1623,188,13342 ,23.5/sq mi,188,13342 
1624,1676,13158 ,23.5/sq mi,1676,13158 
1625,109,13124 ,23.2/sq mi,109,13124 
1626,171,11430 ,23.2/sq mi,171,11430 
1627,1272,14880 ,23.1/sq mi,1272,14880 
1628,2681,13646 ,22.8/sq mi,2681,13646 
1629,288,13640 ,22.8/sq mi,288,13640 
1630,785,14846 ,22.8/sq mi,785,14846 
1631,522,12187 ,22.7/sq mi,522,12187 
1632,911,13739 ,22.6/sq mi,911,13739 
1633,51,12784 ,22.5/sq mi,51,12784 
1634,994,13485 ,22.4/sq mi,994,13485 
1635,1619,12993 ,22.4/sq mi,1619,12993 
1636,629,13813 ,22.1/sq mi,629,13813 
1637,602,14717 ,21.8/sq mi,602,14717 
1638,963,12464 ,21.8/sq mi,963,12464 
1639,2147,13626 ,21.6/sq mi,2147,13626 
1640,758,12768 ,21.4/sq mi,758,12768 
1641,655,14820 ,21.3/sq mi,655,14820 
1642,1357,12932 ,21.0/sq mi,1357,12932 
1643,1287,13755 ,21.0/sq mi,1287,13755 
1644,411,12421 ,21.0/sq mi,411,12421 
1645,880,14885 ,20.9/sq mi,880,14885 
1646,698,12861 ,20.9/sq mi,698,12861 
1647,1982,12912 ,20.9/sq mi,1982,12912 
1648,78,14721 ,20.9/sq mi,78,14721 
1649,707,12469 ,20.8/sq mi,707,12469 
1650,41,13415 ,20.7/sq mi,41,13415 
1651,1582,12076 ,20.6/sq mi,1582,12076 
1652,956,12950 ,20.2/sq mi,956,12950 
1653,361,13494 ,20.1/sq mi,361,13494 
1654,561,13621 ,20.0/sq mi,561,13621 
1655,1296,12997 ,19.8/sq mi,1296,12997 
1656,26,13064 ,19.8/sq mi,26,13064 
1657,1065,14753 ,19.3/sq mi,1065,14753 
1658,2123,12776 ,19.1/sq mi,2123,12776 
1659,3736,12134 ,19.1/sq mi,3736,12134 
1660,2331,13324 ,18.8/sq mi,2331,13324 
1661,773,14819 ,18.7/sq mi,773,14819 
1662,17,13860 ,18.5/sq mi,17,13860 
1663,2199,13783 ,18.4/sq mi,2199,13783 
1664,8565,13367 ,18.2/sq mi,8565,13367 
1665,1066,12934 ,18.1/sq mi,1066,12934 
1666,972,12970 ,18.0/sq mi,972,12970 
1667,935,13690 ,17.8/sq mi,935,13690 
1668,832,13072 ,17.7/sq mi,832,13072 
1669,594,12480 ,17.5/sq mi,594,12480 
1670,260,13472 ,17.5/sq mi,260,13472 
1671,352,13633 ,17.0/sq mi,352,13633 
1672,1169,13801 ,16.9/sq mi,1169,13801 
1673,744,14839 ,16.9/sq mi,744,14839 
1674,696,12410 ,16.9/sq mi,696,12410 
1675,729,12406 ,16.8/sq mi,729,12406 
1676,244,12886 ,16.8/sq mi,244,12886 
1677,517,12936 ,16.7/sq mi,517,12936 
1678,70,13488 ,16.7/sq mi,70,13488 
1679,547,13486 ,16.6/sq mi,547,13486 
1680,82,12769 ,16.6/sq mi,82,12769 
1681,332,12017 ,16.6/sq mi,332,12017 
1682,611,13782 ,16.6/sq mi,611,13782 
1683,414,12808 ,16.5/sq mi,414,12808 
1684,292,12786 ,16.4/sq mi,292,12786 
1685,1676,12935 ,16.4/sq mi,1676,12935 
1686,688,13454 ,15.9/sq mi,688,13454 
1687,1351,12853 ,15.3/sq mi,1351,12853 
1688,114,12131 ,15.3/sq mi,114,12131 
1689,620,12427 ,15.1/sq mi,620,12427 
1690,670,12836 ,15.1/sq mi,670,12836 
1691,791,12942 ,14.9/sq mi,791,12942 
1692,831,13635 ,14.7/sq mi,831,13635 
1693,48,13847 ,14.6/sq mi,48,13847 
1694,729,13752 ,14.6/sq mi,729,13752 
1695,1973,13327 ,14.5/sq mi,1973,13327 
1696,187,12720 ,14.0/sq mi,187,12720 
1697,757,12777 ,14.0/sq mi,757,12777 
1698,402,12952 ,13.9/sq mi,402,12952 
1699,598,13489 ,13.8/sq mi,598,13489 
1700,639,13473 ,13.8/sq mi,639,13473 
1701,246,12424 ,13.8/sq mi,246,12424 
1702,465,12955 ,13.4/sq mi,465,12955 
1703,533,12857 ,12.3/sq mi,533,12857 
1704,62,12416 ,12.2/sq mi,62,12416 
1705,942,13325 ,12.2/sq mi,942,13325 
1706,635,12923 ,12.1/sq mi,635,12923 
1707,475,13740 ,12.0/sq mi,475,13740 
1708,505,12760 ,11.8/sq mi,505,12760 
1709,476,12945 ,11.8/sq mi,476,12945 
1710,1066,13731 ,11.5/sq mi,1066,13731 
1711,24,10910 ,11.3/sq mi,24,10910 
1712,350,14783 ,11.2/sq mi,350,14783 
1713,2094,13648 ,11.1/sq mi,2094,13648 
1714,460,14877 ,10.8/sq mi,460,14877 
1715,316,12819 ,10.7/sq mi,316,12819 
1716,498,13756 ,10.7/sq mi,498,13756 
1717,199,13639 ,10.1/sq mi,199,13639 
1718,695,13470 ,10.1/sq mi,695,13470 
1719,155,12194 ,10.0/sq mi,155,12194 
1720,568,13659 ,10.0/sq mi,568,13659 
1721,1122,12870 ,9.8/sq mi,1122,12870 
1722,654,12810 ,9.7/sq mi,654,12810 
1723,832,12878 ,9.6/sq mi,832,12878 
1724,185,14884 ,9.5/sq mi,185,14884 
1725,40,11973 ,9.1/sq mi,40,11973 
1726,348,12492 ,9.0/sq mi,348,12492 
1727,89,12450 ,9.0/sq mi,89,12450 
1728,836,12032 ,9.0/sq mi,836,12032 
1729,31,13441 ,8.6/sq mi,31,13441 
1730,361,13666 ,8.5/sq mi,361,13666 
1731,370,12164 ,7.5/sq mi,370,12164 
1732,487,13360 ,7.4/sq mi,487,13360 
1733,1116,13684 ,7.0/sq mi,1116,13684 
1734,490,13670 ,6.6/sq mi,490,13670 
1735,826,13672 ,6.5/sq mi,826,13672 
1736,139,12874 ,6.4/sq mi,139,12874 
1737,957,12989 ,6.4/sq mi,957,12989 
1738,408,13312 ,6.3/sq mi,408,13312 
1739,372,12843 ,6.3/sq mi,372,12843 
1740,219,12973 ,5.9/sq mi,219,12973 
1741,1278,13420 ,5.5/sq mi,1278,13420 
1742,34,12441 ,5.4/sq mi,34,12441 
1743,89,12841 ,5.2/sq mi,89,12841 
1744,56,12858 ,5.0/sq mi,56,12858 
1745,856,12190 ,4.8/sq mi,856,12190 
1746,956,12842 ,4.8/sq mi,956,12842 
1747,435,13437 ,4.5/sq mi,435,13437 
1748,78,13695 ,4.5/sq mi,78,13695 
1749,1122,12980 ,4.3/sq mi,1122,12980 
1750,1032,13338 ,4.2/sq mi,1032,13338 
1751,163,12976 ,4.1/sq mi,163,12976 
1752,391,12969 ,3.9/sq mi,391,12969 
1753,493,12852 ,3.9/sq mi,493,12852 
1754,543,13687 ,3.8/sq mi,543,13687 
1755,113,12964 ,3.2/sq mi,113,12964 
1756,445,12108 ,3.0/sq mi,445,12108 
1757,194,12725 ,2.9/sq mi,194,12725 
1758,207,12943 ,2.0/sq mi,207,12943 
1759,5,12862 ,2.0/sq mi,5,12862 
1760,130,12812 ,2.0/sq mi,130,12812 
1761,221,12851 ,1.9/sq mi,221,12851 
1762,2,10911 ,1.9/sq mi,2,10911 
1763,228,12927 ,1.8/sq mi,228,12927 
1764,148,13331 ,1.7/sq mi,148,13331 
1765,64,13436 ,1.3/sq mi,64,13436 
1766,66,12856 ,1.0/sq mi,66,12856 
1767,172,12855 ,0.9/sq mi,172,12855 
1768,226,12139 ,0.9/sq mi,226,12139 
1769,418,12847 ,0.9/sq mi,418,12847 
1770,36,12922 ,0.8/sq mi,36,12922 
1771,31,13353 ,0.2/sq mi,31,13353 
